apn,address
63024010,Illinois St
63011180,Tulane Ave
63023340,Fordham St
63013150,Georgetown St
63023130,Temple Ct
63023010,Illinois St
63011040,Tulane Ave
63013080,Tulane Ave
63023390,Fordham St
63023380,Fordham St
63023020,Illinois St
63011110,Tulane Ave
63023050,Drew Ct
63023360,Fordham St
63011030,Tulane Ave
63022040,Fordham St
63013020,Tulane Ave
63023090,Illinois St
63022060,Fordham St
63011170,Tulane Ave
63024050,Illinois St
63023040,Illinois St
63021030,Fordham St
63024030,Illinois St
63011020,Tulane Ave
63023060,Drew Ct
63013070,Tulane Ave
63013140,Georgetown St
63015050,Georgetown St
63024070,Illinois St
63023310,Fordham St
63023290,Fordham St
63013010,Tulane Ave
63013190,Hunter St
63011160,Tulane Ave
63011100,Tulane Ave
63015240,Tulane Ave
63022020,Fordham St
63013130,Georgetown St
63023070,Drew Ct
63024090,Illinois St
63011150,Tulane Ave
63023370,Fordham St
63011010,Tulane Ave
63023330,Fordham St
63015070,Georgetown St
63011210,Rutgers St
63011090,Tulane Ave
63013060,Tulane Ave
63023080,Illinois St
63013120,Tulane Ave
63022010,Rutgers St
63011080,Tulane Ave
63013050,Tulane Ave
63022050,Fordham St
63023120,Temple Ct
63013200,Hunter St
63021080,Fordham St
63021070,Fordham St
63011140,Tulane Ave
63015230,Tulane Ave
63023350,Fordham St
63013170,Hunter St
63022070,Fordham St
63341610,Garden St
63021060,Fordham St
63021050,Fordham St
63011070,Tulane Ave
63023030,Illinois St
63024040,Illinois St
63015040,Georgetown St
63013110,Tulane Ave
63013040,Tulane Ave
63023300,Fordham St
63013160,Hunter St
63021040,Fordham St
63011200,Tulane Ave
63011130,Tulane Ave
63024020,Illinois St
63015020,Tulane Ave
63011060,Tulane Ave
63024060,Illinois St
63024080,Illinois St
63023100,Illinois St
63011190,Tulane Ave
63022030,Fordham St
63013100,Tulane Ave
63015060,Georgetown St
63023140,Temple Ct
63013210,Hunter St
63023320,Fordham St
63013030,Tulane Ave
63023280,Fordham St
63024100,Illinois St
63012010,Xavier St
63021020,Fordham St
63011120,Tulane Ave
63015030,Tulane Ave
63011050,Tulane Ave
63013090,Tulane Ave
63013180,Hunter St
63015080,Georgetown St
63023260,Fordham St
63041020,Fordham St
63042010,Stevens Ave
63014170,Hunter St
63013270,Hunter St
63012070,Xavier St
63044280,Gonzaga St
63042070,Gonzaga St
63042220,Fordham St
63046060,Illinois St
63042180,Fordham St
63043210,Fordham St
63013220,Hunter St
63022080,Fordham St
63013330,Xavier St
63041040,Fordham St
63044030,Illinois St
63031050,Purdue Ave
63031110,Purdue Ave
63042130,Gonzaga St
63043200,Fordham St
63032080,Fordham St
63022100,Fordham St
63013250,Hunter St
63023180,Illinois St
63014030,Georgetown St
63015150,Georgetown St
63013350,Xavier St
63042280,Fordham St
63042050,Gonzaga St
63014100,Georgetown St
63046080,Illinois St
63046100,Illinois St
63042160,Fordham St
63045180,Purdue Ave
63043020,Gonzaga St
63045170,Gonzaga St
63013390,Xavier St
63023150,Temple Ct
63023220,Stevens Ave
63024170,Illinois St
63044010,Stevens Ave
63042030,Gonzaga St
63042240,Fordham St
63046040,Illinois St
63044230,Gonzaga St
63044080,Illinois St
63046120,Illinois St
63045010,Purdue Ave
63014210,Hunter St
63014010,Hunter St
63013370,Xavier St
63015130,Georgetown St
63014060,Georgetown St
63044300,Gonzaga St
63042260,Fordham St
63014080,Georgetown St
63015200,Georgetown St
63046020,Illinois St
63031060,Purdue Ave
63042100,Gonzaga St
63042190,Fordham St
63031120,Purdue Ave
63032010,Fordham St
63044210,Gonzaga St
63044190,Gonzaga St
63043220,Purdue Ave
63047010,Illinois St
63013400,Xavier St
63013230,Hunter St
63023270,Fordham St
63024150,Illinois St
63031020,Purdue Ave
63044100,Illinois St
63044120,Illinois St
63043030,Gonzaga St
63032090,Fordham St
63043190,Fordham St
63045020,Illinois St
63043040,Gonzaga St
63024110,Illinois St
63023110,Temple Ct
63015090,Georgetown St
63015110,Georgetown St
63024130,Illinois St
63014140,Hunter St
63013300,Hunter St
63015180,Georgetown St
63041070,Fordham St
63014120,Purdue Ave
63015220,Purdue Ave
63044250,Gonzaga St
63044060,Illinois St
63045160,Gonzaga St
63043180,Fordham St
63012040,Xavier St
63014200,Hunter St
63013240,Hunter St
63023210,Stevens Ave
63014160,Hunter St
63044040,Illinois St
63044270,Gonzaga St
63031070,Purdue Ave
63042210,Fordham St
63044170,Gonzaga St
63032040,Fordham St
63044140,Illinois St
63032100,Fordham St
63047020,Illinois St
63012020,Xavier St
63023250,Stevens Ave
63041010,Fordham St
63012060,Xavier St
63014040,Georgetown St
63013280,Hunter St
63041030,Fordham St
63015160,Georgetown St
63041050,Fordham St
63042230,Fordham St
63042080,Gonzaga St
63041090,Fordham St
63031080,Purdue Ave
63022110,Fordham St
63023160,Temple Ct
63013260,Hunter St
63014180,Hunter St
63012100,Xavier St
63013340,Xavier St
63042020,Gonzaga St
63046070,Illinois St
63031130,Purdue Ave
63042120,Gonzaga St
63046140,Illinois St
63045150,Gonzaga St
63045030,Illinois St
63043050,Gonzaga St
63022090,Fordham St
63023170,Temple Ct
63042290,Fordham St
63023200,Stevens Ave
63024180,Illinois St
63044290,Gonzaga St
63044020,Illinois St
63042060,Gonzaga St
63046050,Illinois St
63042170,Fordham St
63032060,Fordham St
63043010,Gonzaga St
63032110,Fordham St
63045140,Gonzaga St
63014020,Georgetown St
63023240,Stevens Ave
63013380,Xavier St
63013360,Xavier St
63042270,Fordham St
63044310,Stevens Ave
63042040,Gonzaga St
63042250,Fordham St
63031030,Purdue Ave
63046030,Illinois St
63044220,Gonzaga St
63046090,Illinois St
63046110,Illinois St
63043170,Fordham St
63043060,Gonzaga St
63047030,Illinois St
63015140,Georgetown St
63024160,Illinois St
63014090,Georgetown St
63014110,Georgetown St
63031090,Purdue Ave
63044240,Gonzaga St
63044090,Illinois St
63032020,Fordham St
63042140,Gonzaga St
63045040,Illinois St
63032120,Fordham St
63032130,Fordham St
63015120,Georgetown St
63024140,Illinois St
63014070,Georgetown St
63015190,Georgetown St
63046010,Stevens Ave
63015210,Georgetown St
63044070,Illinois St
63042200,Fordham St
63042090,Gonzaga St
63042110,Gonzaga St
63044200,Gonzaga St
63044110,Illinois St
63046130,Illinois St
63043160,Fordham St
63047040,Illinois St
63045130,Gonzaga St
63024120,Illinois St
63015100,Georgetown St
63014190,Hunter St
63023190,Stevens Ave
63014050,Georgetown St
63041060,Fordham St
63014130,Hunter St
63013310,Purdue Ave
63031040,Purdue Ave
63031100,Purdue Ave
63044180,Gonzaga St
63044130,Illinois St
63043070,Gonzaga St
63045050,Illinois St
63032070,Fordham St
63012030,Xavier St
63023230,Stevens Ave
63012050,Xavier St
63022120,Fordham St
63014150,Hunter St
63013290,Hunter St
63015170,Georgetown St
63044050,Illinois St
63044260,Gonzaga St
63041080,Fordham St
63041100,Fordham St
63044150,Illinois St
63032050,Fordham St
63043150,Fordham St
63043130,Fordham St
63045070,Illinois St
63047070,Illinois St
63061120,Kavanaugh Dr
63061130,Kavanaugh Dr
63061140,Kavanaugh Dr
63085030,Fordham St
63085260,Baylor St
63062170,Kavanaugh Dr
63088080,Illinois St
63073250,Farrington Way
62111020,Alberni St
63062330,Hazelwood Way
62113100,Alberni St
63073120,Emmett Way
62116230,Alberni St
63074050,Emmett Way
63101010,Gloria Way
63101100,Hazelwood Way
63102030,Hazelwood Way
62117240,Jervis Ave
63103010,Emmett Way
62118250,Laurel Ave
63103070,Ursula Way
63114040,Illinois St
63045100,Gonzaga St
63043100,Gonzaga St
63089010,Illinois St
63061150,Kavanaugh Dr
63061160,Kavanaugh Dr
63062100,Kavanaugh Dr
63089080,Illinois St
63073280,Farrington Way
63063030,Gloria Way
63063180,Hazelwood Way
63083080,Baylor St
63083230,Annapolis St
63063150,Hazelwood Way
63063060,Gloria Way
63073070,Emmett Way
63088110,Illinois St
62113010,Westminster Ave
63085110,Fordham St
63085180,Baylor St
63082130,Annapolis St
63083130,Baylor St
63083180,Annapolis St
62131040,Alberni St
63088140,Michigan Ave
63085140,Fordham St
62114040,Saratoga Ave
62132030,Alberni St
62116040,Jervis Ave
63102180,Gloria Way
63102170,Ursula Way
62133340,Poplar Ave
63045120,Gonzaga St
63047050,Illinois St
63043080,Gonzaga St
63032160,Fordham St
63089030,Illinois St
63061170,Kavanaugh Dr
63061180,Kavanaugh Dr
63088050,Illinois St
63062090,Kavanaugh Dr
63062080,Kavanaugh Dr
63085060,Fordham St
63085230,Baylor St
63062290,Hazelwood Way
63082080,Annapolis St
63062030,Kirkwood Ct
63072260,Gloria Way
63072050,Farrington Way
63074100,Emmett Way
63062320,Hazelwood Way
62111030,Alberni St
63089130,Illinois St
63073230,Farrington Way
62113110,Alberni St
63072210,Gloria Way
63072100,Farrington Way
63073180,Farrington Way
63085150,Michigan Ave
63082150,Annapolis St
62114020,Saratoga Ave
62116010,Alberni St
62118280,Laurel Ave
63101040,Gloria Way
63101050,Ursula Way
62116190,Westminster Ave
63101060,Ursula Way
63101070,Hazelwood Way
62116170,Westminster Ave
62116060,Jervis Ave
63032140,Fordham St
63061190,Kavanaugh Dr
63061200,Kavanaugh Dr
63061210,Kavanaugh Dr
63082050,Annapolis St
63062230,Gertrude Ct
63062050,Kirkwood Ct
62113030,Alberni St
63062350,Hazelwood Way
62115010,Saratoga Ave
63083150,Baylor St
63083160,Michigan Ave
62131050,Alberni St
62116200,Westminster Ave
62132040,Alberni St
62118020,Menalto Ave
63103080,Ursula Way
63112030,Gonzaga St
63112220,Fordham St
62132310,Menalto Ave
63084030,Fordham St
63086020,Notre Dame Ave
63087010,Gonzaga St
63086010,Notre Dame Ave
63061220,Kavanaugh Dr
63061230,Kavanaugh Dr
63074160,Kavanaugh Dr
63083050,Baylor St
63083260,Annapolis St
63072290,Gloria Way
63072020,Farrington Way
63073040,Emmett Way
63074130,Emmett Way
63062210,Gertrude Ct
63082100,Annapolis St
63083100,Baylor St
63083210,Annapolis St
63073090,Emmett Way
62113120,Alberni St
63089180,Illinois St
63072190,Gloria Way
63072120,Farrington Way
63114010,Illinois St
62115070,Westminster Ave
63074030,Emmett Way
62115210,Saratoga Ave
62115090,Westminster Ave
62117030,Laurel Ave
63113030,Illinois St
63113200,Gonzaga St
63103090,Ursula Way
63087020,Notre Dame Ave
63061240,Kavanaugh Dr
63089050,Illinois St
63061250,Kavanaugh Dr
63089100,Illinois St
63085080,Fordham St
63085210,Baylor St
63088100,Illinois St
63072240,Gloria Way
63072070,Farrington Way
63063080,Gloria Way
63074080,Emmett Way
63063130,Hazelwood Way
63089150,Illinois St
62113040,Alberni St
62113130,Alberni St
62131060,Alberni St
63101030,Gloria Way
63101080,Hazelwood Way
63073140,Ursula Way
63073150,Ursula Way
62118010,Menalto Ave
63102050,Hazelwood Way
62114060,Saratoga Ave
62115110,Westminster Ave
63103100,Ursula Way
63061260,Kavanaugh Dr
63088240,Fordham St
63073010,Kavanaugh Dr
63089070,Illinois St
63073290,Kavanaugh Dr
63088040,Illinois St
63063020,Gloria Way
63063190,Hazelwood Way
63073260,Farrington Way
63088070,Illinois St
63062020,Kirkwood Ct
63083070,Baylor St
63082070,Annapolis St
63083240,Annapolis St
62112010,Saratoga Ave
63073210,Farrington Way
62115030,Alberni St
62113140,Alberni St
63102020,Hazelwood Way
63132120,Bay Rd
63111130,Fordham St
63045060,Illinois St
63071330,Kavanaugh Dr
63082010,Notre Dame Ave
63088270,Gonzaga St
63085020,Fordham St
63088320,Gonzaga St
63088020,Illinois St
63085270,Baylor St
63083020,Baylor St
63083290,Annapolis St
63082020,Annapolis St
63088300,Gonzaga St
63088290,Gonzaga St
63088220,Fordham St
63062280,Hazelwood Way
63062120,Clarence Ct
63063050,Gloria Way
63063160,Hazelwood Way
62113050,Alberni St
63082120,Annapolis St
63083120,Baylor St
63083190,Annapolis St
63088130,Illinois St
63074060,Emmett Way
63073110,Emmett Way
63063100,Gloria Way
63085130,Fordham St
63063110,Hazelwood Way
63085160,Baylor St
62131070,Alberni St
62117250,Alberni St
63111120,Fordham St
62115190,Saratoga Ave
63103110,Ursula Way
62117050,Laurel Ave
62117210,Jervis Ave
63083300,Notre Dame Ave
63083010,Baylor St
63085280,Notre Dame Ave
63085010,Fordham St
63088250,Fordham St
63088260,Notre Dame Ave
63088330,Notre Dame Ave
63071180,Kavanaugh Dr
63088010,Illinois St
63072010,Kavanaugh Dr
63083040,Baylor St
63083270,Annapolis St
63082040,Annapolis St
63072300,Kavanaugh Dr
63085050,Fordham St
63085240,Baylor St
63062010,Kavanaugh Dr
63062060,Kirkwood Ct
63072270,Gloria Way
63072040,Farrington Way
63062220,Gertrude Ct
63062310,Hazelwood Way
63073060,Emmett Way
63085100,Fordham St
63085190,Baylor St
62112020,Alberni St
63072220,Gloria Way
63072090,Farrington Way
62113150,Menalto Ave
63073190,Farrington Way
62115220,Saratoga Ave
63073160,Farrington Way
62116030,Jervis Ave
63072160,Ursula Way
62133010,Alberni St
63114030,Illinois St
63113020,Illinois St
63113210,Gonzaga St
63102070,Hazelwood Way
62132060,Poplar Ave
63103120,Ursula Way
62134040,Ralmar Ave
63043140,Fordham St
63047080,Illinois St
63089020,Illinois St
63071190,Kavanaugh Dr
63071200,Kavanaugh Dr
63061270,Kavanaugh Dr
63062240,Gertrude Ct
63062040,Kirkwood Ct
63074110,Emmett Way
63089120,Illinois St
63073240,Farrington Way
62113060,Alberni St
62115050,Westminster Ave
63089170,Illinois St
63083140,Baylor St
63083170,Annapolis St
63082140,Annapolis St
62131080,Alberni St
62117260,Alberni St
63072170,Gloria Way
63113010,Illinois St
63113220,Gonzaga St
62117020,Laurel Ave
63111110,Michigan Ave
63112020,Gonzaga St
62115230,Saratoga Ave
63103130,Gloria Way
63045110,Gonzaga St
63043110,Gonzaga St
63045090,Gonzaga St
63043120,Fordham St
63045080,Illinois St
63071210,Kavanaugh Dr
63071220,Kavanaugh Dr
63071230,Kavanaugh Dr
63063010,Kavanaugh Dr
63063200,Kavanaugh Dr
63062200,Gertrude Ct
63085070,Fordham St
63088090,Illinois St
63062340,Hazelwood Way
62113070,Alberni St
63072200,Gloria Way
63072110,Farrington Way
63073130,Emmett Way
62117270,Alberni St
63072150,Ursula Way
63111100,Michigan Ave
63072140,Farrington Way
63111090,Michigan Ave
63111080,Michigan Ave
63111070,Michigan Ave
62133020,Alberni St
63112230,Fordham St
62116180,Westminster Ave
62117230,Jervis Ave
63103020,Ursula Way
62118260,Laurel Ave
62134020,Ralmar Ave
62116050,Jervis Ave
62118240,Laurel Ave
63047060,Illinois St
63043090,Gonzaga St
63032170,Fordham St
63071240,Kavanaugh Dr
63089040,Illinois St
63071250,Kavanaugh Dr
63071260,Kavanaugh Dr
63074140,Emmett Way
63073030,Emmett Way
63085220,Baylor St
63063040,Gloria Way
63083090,Baylor St
63083220,Annapolis St
63082090,Annapolis St
62112030,Alberni St
63063070,Gloria Way
63063140,Hazelwood Way
62113020,Alberni St
63088150,Michigan Ave
63088160,Michigan Ave
63088170,Michigan Ave
63088180,Michigan Ave
63088190,Michigan Ave
63088200,Fordham St
62131010,Alberni St
63074040,Emmett Way
63101020,Gloria Way
63101090,Hazelwood Way
63111060,Michigan Ave
63111050,Michigan Ave
62114050,Saratoga Ave
63111040,Michigan Ave
63102040,Hazelwood Way
63111030,Michigan Ave
62133030,Alberni St
62115100,Westminster Ave
62118040,Menalto Ave
63032150,Fordham St
63071270,Kavanaugh Dr
63071280,Kavanaugh Dr
63071290,Kavanaugh Dr
63061040,Kavanaugh Dr
63062270,Kavanaugh Dr
63085040,Fordham St
63085250,Baylor St
63062160,Clarence Ct
63063170,Hazelwood Way
63072250,Gloria Way
63072060,Farrington Way
63074090,Emmett Way
63088120,Illinois St
63085120,Fordham St
62113080,Alberni St
63085170,Baylor St
63102010,Hazelwood Way
62116210,Westminster Ave
63073170,Farrington Way
62114030,Saratoga Ave
63111020,Michigan Ave
63112010,Gonzaga St
62132010,Alberni St
62133040,Alberni St
62116160,Westminster Ave
62116070,Jervis Ave
63114050,Illinois St
63061050,Kavanaugh Dr
63061060,Kavanaugh Dr
63061070,Kavanaugh Dr
63089060,Illinois St
63088280,Gonzaga St
63062260,Kavanaugh Dr
63062250,Kavanaugh Dr
63089090,Illinois St
63073270,Farrington Way
63062110,Clarence Ct
63088060,Illinois St
63062300,Hazelwood Way
63073080,Emmett Way
63089140,Illinois St
62112040,Westminster Ave
63073220,Farrington Way
62114170,Alberni St
62131020,Alberni St
62131100,Alberni St
62117010,Alberni St
63112240,Fordham St
62118290,Laurel Ave
62117040,Laurel Ave
63102140,Hazelwood Way
63112040,Gonzaga St
63112210,Fordham St
63081020,Notre Dame Ave
63081030,Notre Dame Ave
63081040,Notre Dame Ave
63081050,Notre Dame Ave
63081060,Notre Dame Ave
63081070,Notre Dame Ave
63081080,Notre Dame Ave
63084010,Notre Dame Ave
63084020,Notre Dame Ave
63061080,Kavanaugh Dr
63061090,Kavanaugh Dr
63088230,Fordham St
63088310,Gonzaga St
63088030,Illinois St
63083030,Baylor St
63083280,Annapolis St
63082030,Annapolis St
63082060,Annapolis St
63062070,Kirkwood Ct
63062140,Clarence Ct
63073050,Emmett Way
63074120,Emmett Way
63085090,Fordham St
63085200,Baylor St
63083110,Baylor St
63083200,Annapolis St
63082110,Annapolis St
62113090,Alberni St
63089160,Illinois St
63073100,Emmett Way
62115060,Westminster Ave
63072180,Gloria Way
62115200,Saratoga Ave
63114020,Illinois St
62132020,Alberni St
62115080,Westminster Ave
63103030,Ursula Way
62117220,Jervis Ave
63102060,Hazelwood Way
63103040,Ursula Way
62118030,Menalto Ave
63103050,Ursula Way
63102150,Ursula Way
62132300,Menalto Ave
62115120,Westminster Ave
63061100,Kavanaugh Dr
63061110,Kavanaugh Dr
63062190,Kavanaugh Dr
63062180,Kavanaugh Dr
63074150,Emmett Way
63073020,Emmett Way
63083060,Baylor St
63083250,Annapolis St
63072280,Gloria Way
63072030,Farrington Way
63062130,Clarence Ct
63089110,Illinois St
63072230,Gloria Way
63072080,Farrington Way
63074070,Emmett Way
63063120,Hazelwood Way
63063090,Gloria Way
62114010,Saratoga Ave
63073200,Farrington Way
62131030,Alberni St
62116020,Jervis Ave
63072130,Farrington Way
62131110,Alberni St
62134030,Ralmar Ave
62133050,Alberni St
63103060,Ursula Way
62115180,Saratoga Ave
63102160,Ursula Way
62133070,Ralmar Ave
63111150,Fordham St
63102110,Hazelwood Way
63113070,Illinois St
62122020,Newbridge St
63113160,Gonzaga St
62133310,Poplar Ave
63112090,Gonzaga St
63112160,Fordham St
62132130,Poplar Ave
62134110,Ralmar Ave
63113280,Illinois St
62134140,Ralmar Ave
62132200,Newbridge St
62124230,Jervis Ave
62125150,Laurel Ave
63203430,Bay Rd
62123230,Westminster Ave
62123120,Jervis Ave
63197150,Bay Rd
63197370,Glen Way
62135130,Menalto Ave
63171540,Addison Ave
63171550,Bay Rd
63172220,Addison Ave
63193030,Weeks St
63202220,Sacramento St
63210410,Cooley Ave
63199120,Glen Way
63271420,Weeks St
63271410,Weeks St
63271260,Pulgas Ave
63174100,Oakwood Dr
63199110,Glen Way
63113040,Illinois St
62117200,Jervis Ave
63113190,Gonzaga St
63102130,Hazelwood Way
63114070,Illinois St
62123320,Newbridge St
63102280,Grace Ave
63111190,Fordham St
62118160,Newbridge St
63113230,Gonzaga St
63112260,Gonzaga St
63112250,Bay Rd
62122090,Westminster Ave
63102500,Bay Rd
62122280,Saratoga Ave
62133160,Ralmar Ave
62121120,Saratoga Ave
63174300,Dumbarton Ave
63232200,Clarke Ave
63174160,Bay Rd
63221300,Paul Robeson Ct
63202010,Weeks St
63221360,Paul Robeson Ct
62123200,Westminster Ave
62123190,Westminster Ave
63161210,Bay Rd
63202210,Sacramento St
63264410,Weeks St
63264430,Weeks St
62222050,Bay Rd
63193140,Dumbarton Ave
63197050,Palo Verde Ave
62115260,Newbridge St
62117060,Laurel Ave
63102190,Gloria Way
63112060,Gonzaga St
63112190,Fordham St
62132280,Menalto Ave
62118200,Laurel Ave
62134080,Ralmar Ave
62132100,Poplar Ave
62133290,Poplar Ave
62118180,Laurel Ave
63113260,Illinois St
63113130,Gonzaga St
62133120,Ralmar Ave
63102320,Grace Ave
62133260,Poplar Ave
62123050,Jervis Ave
63102490,Bay Rd
62126020,Newbridge St
62123250,Westminster Ave
62123100,Jervis Ave
62133200,Newbridge St
63197390,Palo Verde Ave
62126060,Menalto Ave
63221270,Jamie Ln
63221280,Jamie Ln
63221290,Paul Robeson Ct
63221380,Paul Robeson Ct
63221370,Paul Robeson Ct
63221390,Weeks St
63194130,Weeks St
62124110,Laurel Ave
63202020,Weeks St
63161200,Bay Rd
63202200,Sacramento St
63263390,Weeks St
63263380,Weeks St
63263400,Weeks St
63263310,Weeks St
63253400,Cooley Ave
63174230,Dumbarton Ave
62117080,Laurel Ave
62121290,Saratoga Ave
62122030,Newbridge St
62118100,Menalto Ave
62117290,Laurel Ave
62122310,Saratoga Ave
62122060,Westminster Ave
63114140,Illinois St
62123300,Westminster Ave
62124030,Newbridge St
62118300,Newbridge St
62121220,Saratoga Ave
63102310,Grace Ave
63102460,Bay Rd
62135150,Menalto Ave
63203390,Bay Rd
62125130,Laurel Ave
62125020,Mello St
63221550,Carole Ct
63221540,Carole Ct
63221530,Carole Ct
63221250,Weeks St
63174200,Dumbarton Ave
62242370,Bradley Way
63193040,Weeks St
63172280,Oakwood Dr
63202190,Sacramento St
63197230,Glen Way
63171290,Addison Ave
63202180,Sacramento St
62242360,Bay Rd
63263300,Weeks St
63263350,Weeks St
63161240,Poplar Ave
63263340,Weeks St
63263360,Weeks St
63197080,Palo Verde Ave
63172310,Oakwood Dr
62132070,Poplar Ave
63111140,Fordham St
63102080,Hazelwood Way
62117170,Jervis Ave
62133090,Ralmar Ave
63111170,Fordham St
63102290,Grace Ave
63730190,Montage Cir
63730200,Montage Cir
63730220,Montage Cir
63730230,Montage Cir
62132230,Menalto Ave
62132190,Newbridge St
62122110,Westminster Ave
62124210,Jervis Ave
63203240,Weeks St
63203230,Weeks St
62122170,Westminster Ave
63221520,Carole Ct
63172250,Oakwood Dr
63194120,Weeks St
63171240,Ralmar Ave
63240370,Weeks St
63194090,Weeks St
63161190,Bay Rd
63162190,Poplar Ave
63172200,Addison Ave
63171220,Ralmar Ave
63202170,Sacramento St
63253150,Clarke Ave
62222040,Bay Rd
63253160,Weeks St
63253170,Weeks St
63253180,Weeks St
63253190,Weeks St
62243400,Bradley Way
63253200,Weeks St
63162170,Poplar Ave
63253250,Weeks St
63253220,Weeks St
63197260,Glen Way
63162280,Ralmar Ave
62134050,Ralmar Ave
62133320,Poplar Ave
63113060,Illinois St
63114090,Illinois St
62117300,Newbridge St
62132120,Poplar Ave
62123020,Newbridge St
62121060,Saratoga Ave
63113250,Illinois St
63113140,Gonzaga St
63112110,Gonzaga St
62118150,Newbridge St
63112140,Fordham St
62121240,Saratoga Ave
62132150,Poplar Ave
62121160,Saratoga Ave
62123070,Jervis Ave
62124060,Laurel Ave
62134160,Ralmar Ave
62133180,Ralmar Ave
63203370,Bay Rd
62135020,Newbridge St
63730130,Aspen Pl
62122350,E Bayshore Rd
62124160,Jervis Ave
63202050,Weeks St
62122190,Westminster Ave
63221210,Weeks St
63221500,Weeks St
62242350,Bay Rd
63253260,Weeks St
63253270,Weeks St
63162160,Poplar Ave
62118230,Laurel Ave
62133060,Ralmar Ave
62118050,Menalto Ave
63113170,Gonzaga St
63112080,Gonzaga St
62132260,Menalto Ave
63112170,Fordham St
63231280,Bay Rd
62134100,Ralmar Ave
62134130,Ralmar Ave
62123280,Westminster Ave
62133240,Poplar Ave
63203420,Bay Rd
63199230,Glen Way
62124190,Jervis Ave
62133350,Ralmar Ave
62122140,Westminster Ave
62124080,Laurel Ave
63203260,Weeks St
63199180,Glen Way
62125040,Bay Rd
63202060,Weeks St
62124130,Bay Rd
63221190,Clarke Ave
63202070,Weeks St
63194110,Weeks St
63199150,Glen Way
63174130,Oakwood Dr
62122370,E Bayshore Rd
62242340,Bay Rd
63253300,Weeks St
63253330,Weeks St
63253380,Weeks St
63253390,Cooley Ave
62222190,Bay Rd
63263240,Clarke Ave
62243080,Menalto Ave
62117190,Jervis Ave
62115140,Newbridge St
62116150,Westminster Ave
62116080,Jervis Ave
62116120,Newbridge St
63102210,Gloria Way
62133110,Ralmar Ave
62133270,Poplar Ave
62123310,Westminster Ave
63102380,Grace Ave
63730090,Aspen Pl
62133360,Ralmar Ave
62126040,Newbridge St
62133230,Poplar Ave
62125160,Laurel Ave
62125140,Laurel Ave
63203220,Weeks St
63203250,Weeks St
63199190,Glen Way
63194160,Palo Verde Ave
63203210,Weeks St
62125050,Bay Rd
62123210,Westminster Ave
62125060,Bay Rd
63202080,Weeks St
62124140,Bay Rd
63162230,Bay Rd
63202090,Weeks St
63232300,Weeks St
63197120,Palo Verde Ave
63210450,Cooley Ave
63210350,Cooley Ave
63174220,Dumbarton Ave
63193120,Lilac Ln
63174080,Oakwood Dr
63197060,Palo Verde Ave
63114060,Illinois St
62118210,Laurel Ave
62132090,Poplar Ave
62122410,Newbridge St
63102220,Grace Ave
63113080,Illinois St
62133300,Poplar Ave
63113150,Gonzaga St
62122080,Westminster Ave
62122290,Saratoga Ave
62124250,Newbridge St
62132180,Newbridge St
63203350,Bay Rd
63194050,Bay Rd
63203200,Weeks St
62123140,Jervis Ave
63172550,Oakwood Dr
63221450,Cooley Ave
63202100,Weeks St
63174190,Dumbarton Ave
63172270,Oakwood Dr
63174110,Oakwood Dr
62242330,Laurel Ave
63162250,Ralmar Ave
63172300,Oakwood Dr
62222010,Bay Rd
63171310,Addison Ave
63201010,Sacramento St
62242070,Bradley Way
63193090,Palo Verde Ave
62222100,Laurel Ave
63112050,Gonzaga St
62115250,Westminster Ave
63112200,Fordham St
62132290,Menalto Ave
62118070,Menalto Ave
62134070,Ralmar Ave
62121260,Saratoga Ave
63102230,Grace Ave
62118190,Laurel Ave
62118090,Menalto Ave
62122320,Saratoga Ave
62123030,Newbridge St
62122050,Westminster Ave
63114110,Illinois St
63102370,Grace Ave
62124240,Newbridge St
62132140,Poplar Ave
63203410,Bay Rd
62122250,Saratoga Ave
62123260,Westminster Ave
62123090,Jervis Ave
62135030,Newbridge St
62126070,Mello St
63194040,Bay Rd
62135070,Bay Rd
62125070,Bay Rd
63197130,Palo Verde Ave
63197200,Glen Way
63162220,Bay Rd
63221410,Weeks St
63221420,Weeks St
63197220,Glen Way
63171280,Addison Ave
63161230,Poplar Ave
63199130,Glen Way
63197090,Palo Verde Ave
63197250,Glen Way
63162270,Ralmar Ave
63193110,Lilac Ln
63171200,Ralmar Ave
63201020,Sacramento St
63161260,Poplar Ave
63253340,Robin Ct
63172170,Addison Ave
63171180,Ralmar Ave
62133080,Ralmar Ave
63102100,Hazelwood Way
63102120,Hazelwood Way
62122010,Newbridge St
62117140,Newbridge St
62132240,Menalto Ave
63112100,Gonzaga St
63112150,Fordham St
62118140,Newbridge St
63102360,Grace Ave
62134120,Ralmar Ave
62124220,Jervis Ave
62122270,Saratoga Ave
62134150,Ralmar Ave
62124050,Laurel Ave
62122100,Westminster Ave
62126080,Newbridge St
62133170,Ralmar Ave
62126090,Newbridge St
63203400,Bay Rd
62134220,Bay Rd
62124100,Laurel Ave
62135080,Bay Rd
62122160,Westminster Ave
63194030,Bay Rd
63172560,Bay Rd
63221180,Clarke Ave
62125080,Bay Rd
63194080,Palo Verde Ave
63197100,Palo Verde Ave
63172210,Addison Ave
63171230,Ralmar Ave
63161180,Menalto Ave
63210340,Cooley Ave
62222090,Bay Rd
62242380,Bradley Way
63193100,Lilac Ln
63253230,Weeks St
63201030,Sacramento St
63201040,Sacramento St
63210490,Cooley Ave
63271320,Pulgas Ave
63162150,Poplar Ave
62117180,Jervis Ave
62117070,Laurel Ave
63111160,Fordham St
63114080,Illinois St
63231270,Bay Rd
63102240,Grace Ave
62132110,Poplar Ave
62134090,Ralmar Ave
63102350,Grace Ave
62133220,Newbridge St
62123240,Westminster Ave
62123110,Jervis Ave
62124170,Jervis Ave
63232260,Weeks St
63162210,Bay Rd
63199160,Glen Way
62123150,Jervis Ave
63199100,Glen Way
63201060,Sacramento St
63113050,Illinois St
62116240,Westminster Ave
63112070,Gonzaga St
63102250,Grace Ave
62118310,Laurel Ave
62133130,Ralmar Ave
62123060,Jervis Ave
62132330,Newbridge St
62123290,Westminster Ave
62133250,Poplar Ave
63730140,Aspen Pl
63730180,Montage Cir
63203440,Bay Rd
62134210,Bay Rd
62135090,Bay Rd
63194020,Bay Rd
62125090,Bay Rd
62122420,Westminster Ave
63162200,Poplar Ave
63221320,Paul Robeson Ct
63221340,Weeks St
63193010,Dumbarton Ave
63174210,Dumbarton Ave
63172290,Oakwood Dr
62222080,Bay Rd
62243070,Menalto Ave
63174090,Oakwood Dr
63171520,Addison Ave
63193080,Palo Verde Ave
63253140,Clarke Ave
62243330,Bradley Way
63174240,Dumbarton Ave
63264090,Pulgas Ave
63201070,Sacramento St
63197270,Glen Way
63172320,Oakwood Dr
63113180,Gonzaga St
62133330,Poplar Ave
63112180,Fordham St
62132270,Menalto Ave
62117160,Jervis Ave
62133100,Ralmar Ave
63102260,Grace Ave
63111180,Fordham St
62118110,Menalto Ave
62122070,Westminster Ave
63102340,Grace Ave
62122300,Saratoga Ave
62124020,Newbridge St
63102300,Grace Ave
62121100,Saratoga Ave
62132320,Newbridge St
62121140,Saratoga Ave
63203360,Bay Rd
62122360,Westminster Ave
62122240,Saratoga Ave
62124200,Jervis Ave
62124070,Laurel Ave
63197170,Bay Rd
62135040,Newbridge St
63197380,Glen Way
62135100,Bay Rd
62125030,Mello St
62125120,Laurel Ave
62125100,Bay Rd
63194070,Palo Verde Ave
62123160,Bay Rd
63174140,Oakwood Dr
63174120,Oakwood Dr
63221430,Cooley Ave
63197240,Glen Way
63171300,Addison Ave
63172190,Addison Ave
63162260,Ralmar Ave
63171210,Ralmar Ave
62242320,Laurel Ave
63161250,Poplar Ave
63172180,Addison Ave
62222150,Holland St
63201080,Sacramento St
62222160,Holland St
63171330,Addison Ave
62243090,Menalto Ave
63253410,Cooley Ave
63201090,Sacramento St
62242230,Laurel Ave
63253370,Robin Ct
63161270,Poplar Ave
62132080,Poplar Ave
63102200,Gloria Way
63114100,Illinois St
62118130,Newbridge St
63102330,Grace Ave
63111260,Fordham St
62132160,Poplar Ave
63221020,Bay Rd
62125010,Mello St
62134170,Ralmar Ave
62133210,Newbridge St
63197160,Bay Rd
63194150,Bay Rd
62135110,Bay Rd
62124120,Laurel Ave
62123170,Bay Rd
63174180,Dumbarton Ave
63172260,Oakwood Dr
63162240,Ralmar Ave
63193020,Weeks St
63199140,Glen Way
63162180,Poplar Ave
62222070,Bay Rd
63197070,Palo Verde Ave
63171190,Ralmar Ave
63162290,Ralmar Ave
62134060,Ralmar Ave
62118220,Laurel Ave
62118060,Menalto Ave
63102090,Hazelwood Way
62117130,Newbridge St
63102270,Grace Ave
62132250,Menalto Ave
63730100,Aspen Pl
63730110,Aspen Pl
62121070,Saratoga Ave
62123330,Newbridge St
62132220,Menalto Ave
63102470,Bay Rd
62122260,Saratoga Ave
62123270,Westminster Ave
62123080,Jervis Ave
63203450,Bay Rd
62124180,Jervis Ave
62122150,Westminster Ave
62124090,Laurel Ave
62123220,Westminster Ave
62123130,Jervis Ave
62135120,Bay Rd
62125110,Laurel Ave
63221220,Weeks St
63221230,Weeks St
63194140,Dumbarton Ave
63199170,Glen Way
63221260,Jamie Ln
63221310,Paul Robeson Ct
63221350,Paul Robeson Ct
63161220,Poplar Ave
62123180,Bay Rd
63202230,Sacramento St
62222060,Bay Rd
63210480,Cooley Ave
63271310,Pulgas Ave
62222170,Holland St
62116140,Westminster Ave
62116090,Jervis Ave
63171150,Ralmar Ave
62221290,Holland St
63197030,Palo Verde Ave
62242210,Laurel Ave
63197330,Runnymede St
63172130,Addison Ave
62221140,Holland St
63161320,Poplar Ave
63253450,Cooley Ave
63171100,Ralmar Ave
63162080,Poplar Ave
63161070,Menalto Ave
63301190,Runnymede St
62243240,Bradley Way
63191220,Oakdale Ave
63199010,Glen Way
62243190,Menalto Ave
63262360,Clarke Ave
63191040,Dumbarton Ave
63331210,Capitol Ave
63171470,Addison Ave
63191130,Lincoln St
63252210,Cooley Ave
63172030,Addison Ave
63173150,Dumbarton Ave
63191200,Garden St
63301120,Euclid Ave
62241140,Menalto Ave
63198030,Glen Way
63361380,Clarke Ave
63361040,Schembri Ln
63195190,Garden St
63301090,Euclid Ave
63361320,Cooley Ave
63302050,Euclid Ave
63186140,Garden St
63344050,Garden St
63383390,Garden St
63383160,Garden St
63383370,Garden St
63383150,Garden St
63383490,Garden St
63342340,Pulgas Ave
63344040,Garden St
63383480,Garden St
63383350,Garden St
63344030,Garden St
63383440,Cypress St
63383460,Cypress St
62222110,Laurel Ave
63174070,Oakwood Dr
63192090,Palo Verde Ave
63262370,Clarke Ave
63161100,Menalto Ave
63162110,Poplar Ave
63197310,Glen Way
63192120,Palo Verde Ave
62242150,Bradley Way
63172080,Addison Ave
63173080,Palo Verde Ave
63302130,Euclid Ave
63162390,Ralmar Ave
63301170,Euclid Ave
63172500,Oakwood Dr
63302180,University Ave
63640030,Mandela Ct
63198090,Glen Way
63640090,Mandela Ct
63162010,Poplar Ave
63173030,Oakwood Dr
63302430,Euclid Ave
63361520,Schembri Ln
63640070,Mandela Ct
63331080,University Ave
63156060,Oakwood Dr
63153100,Ralmar Ave
63341580,Garden St
63152080,Poplar Ave
63151040,Menalto Ave
63342230,Terra Villa St
63383120,Garden St
63344020,Garden St
63383360,Garden St
63383100,Garden St
63383090,Garden St
63331290,Capitol Ave
63383450,Garden St
63345240,Terra Villa St
63383420,Garden St
63186210,Bell St
63192040,Lilac Ln
63263280,Clarke Ave
63210380,University Ave
62242080,Bradley Way
63201220,University Ave
62242110,Bradley Way
63199060,Glen Way
63265020,Buchanan Ct
63264240,Ruth Ct
62242130,Bradley Way
62243160,Menalto Ave
63302140,Euclid Ave
63162060,Poplar Ave
63171070,Ralmar Ave
63171500,Addison Ave
62241010,Laurel Ave
63161050,Menalto Ave
63332380,Cooley Ave
62243210,Holland St
63171020,Ralmar Ave
63640140,Pulgas Ave
63262340,Pulgas Ave
63332150,Capitol Ave
62241110,Holland St
63191190,Garden St
63650040,Veronica Ct
63195130,Glen Way
63302440,Euclid Ave
63341560,Clarke Ave
63153130,Addison Ave
63151110,Poplar Ave
63332510,Cooley Ave
63152130,Ralmar Ave
63301100,Euclid Ave
63341520,Garden St
63341060,Garden St
63341080,Garden St
63381220,Garden St
63186250,Lincoln St
63381240,Garden St
63381330,Garden St
63186150,Garden St
63383020,Garden St
63383410,Garden St
63151170,Poplar Ave
63153180,Addison Ave
63344010,Garden St
63332060,Capitol Ave
63362640,Cooley Ave
63362570,Bell St
63383030,Pulgas Ave
63172160,Addison Ave
63171170,Ralmar Ave
63253240,Weeks St
63161130,Menalto Ave
62222130,Laurel Ave
63192030,Dumbarton Ave
63174050,Oakwood Dr
63271280,Pulgas Ave
62221120,Holland St
63172360,Oakwood Dr
63174280,Dumbarton Ave
63192110,Palo Verde Ave
63197010,Runnymede St
62243270,Bradley Way
63174020,Oakwood Dr
63171400,Addison Ave
63302150,Runnymede St
63302340,Runnymede St
62241080,Holland St
63171450,Addison Ave
63161390,Poplar Ave
63262180,Runnymede St
63301150,Euclid Ave
63302100,Euclid Ave
63252250,Clarke Ave
63198070,Glen Way
63191020,Dumbarton Ave
63198120,Glen Way
63195040,Lincoln St
63156100,Dumbarton Ave
63195160,Glen Way
63381320,Garden St
63341220,Garden St
63331260,Capitol Ave
63381200,Garden St
63182070,Dumbarton Ave
63153080,Ralmar Ave
63152060,Poplar Ave
63152180,Ralmar Ave
63332070,Capitol Ave
63156150,Dumbarton Ave
63152040,Poplar Ave
63182120,Lincoln St
63302400,Euclid Ave
63186020,Lincoln St
63186200,Bell St
63362560,Bell St
63182020,Dumbarton Ave
63362620,Bell St
63362390,Bell Ct
63182150,Bell St
63345180,Brentwood Ct
63332420,Cooley Ave
63162140,Poplar Ave
63253350,Robin Ct
63271350,Pulgas Ave
63199090,Glen Way
63197280,Glen Way
63172140,Addison Ave
63271070,Runnymede St
63253540,Blue Jay Ct
63196030,Runnymede St
63271470,Runnymede St
63162360,Ralmar Ave
63161340,Poplar Ave
63172490,Oakwood Dr
62241030,Holland St
63173070,Palo Verde Ave
62243180,Menalto Ave
63161420,Poplar Ave
63191210,Lincoln St
63302460,University Ave
63195180,Lincoln St
63191180,Garden St
63331110,University Ave
63172010,Garden St
63361480,Schembri Ln
63332100,Capitol Ave
63186240,Garden St
63156040,Oakwood Dr
63182050,Dumbarton Ave
63331280,Capitol Ave
63301060,Euclid Ave
63362670,Bell St
63362630,Bell St
63362750,Bell St
63342260,Pulgas Ave
63362760,Bell St
63301030,Euclid Ave
63302020,Euclid Ave
63174250,Dumbarton Ave
63264100,Pulgas Ave
63253360,Robin Ct
62243100,Menalto Ave
63172330,Oakwood Dr
63197300,Glen Way
63161110,Menalto Ave
62243130,Menalto Ave
63253090,Clarke Ave
63171370,Addison Ave
63264340,Pulgas Ave
63264160,Runnymede St
63264190,Ruth Ct
63172110,Addison Ave
63265170,Runnymede St
63162090,Poplar Ave
63171110,Ralmar Ave
63162380,Ralmar Ave
63172480,Oakwood Dr
63171430,Addison Ave
63172060,Addison Ave
63302110,Euclid Ave
63331140,University Ave
63252220,Cooley Ave
63162420,Garden St
63332460,Cooley Ave
63171480,Addison Ave
63173140,Dumbarton Ave
63301130,Euclid Ave
63173010,Oakwood Dr
63152110,Poplar Ave
63151070,Menalto Ave
63640060,Mandela Ct
63341510,Pulgas Ave
63332130,Capitol Ave
63302230,University Ave
63153150,Addison Ave
63332450,Cooley Ave
63151130,Poplar Ave
63152220,Ralmar Ave
63362770,Clarke Ave
63362580,Schembri Ln
63302410,Euclid Ave
63342210,Terra Villa St
63362590,Bell St
63345260,Terra Villa St
63362790,Bell St
63186190,Bell St
63153200,Addison Ave
63362780,Bell St
63362450,Bell Ct
63345030,Brentwood Ct
63253130,Clarke Ave
62243320,Bradley Way
63162120,Poplar Ave
62242100,Bradley Way
63210520,University Ave
63199070,Glen Way
63271290,Pulgas Ave
63161310,Poplar Ave
63162330,Ralmar Ave
63161080,Menalto Ave
62242170,Holland St
62221150,Holland St
63301180,Euclid Ave
63272110,Runnymede St
63650080,Veronica Ct
63640020,Mandela Ct
63332180,Capitol Ave
63640100,Mandela Ct
63162040,Poplar Ave
63331200,Capitol Ave
63191120,Lincoln St
63640050,Mandela Ct
63381250,Pulgas Ave
63331230,Capitol Ave
63362070,Schembri Ln
63332080,Capitol Ave
63362330,Schembri Ln
63362320,Schembri Ln
63362490,Schembri Ln
63153170,Addison Ave
63302420,Euclid Ave
63152200,Ralmar Ave
63345020,Brentwood Ct
63302390,Euclid Ave
63345190,Brentwood Ct
63302320,Bell St
63171340,Addison Ave
63161280,Poplar Ave
63192070,Lilac Ln
63264220,Ruth Ct
63264210,Ruth Ct
63264200,Ruth Ct
63253440,Cooley Ave
63199040,Runnymede St
62242140,Bradley Way
63265140,Runnymede St
63265150,Runnymede St
63265160,Runnymede St
63253470,Cooley Ave
63196140,Oakdale Ave
63264260,Ruth Ct
63161360,Poplar Ave
63262020,Runnymede St
63262300,Runnymede St
63262290,Runnymede St
63262260,Runnymede St
63262250,Runnymede St
63171050,Ralmar Ave
63161030,Menalto Ave
63252280,Clarke Ave
62241060,Holland St
63191050,Dumbarton Ave
63171460,Addison Ave
63172040,Addison Ave
63262330,Pulgas Ave
63162020,Poplar Ave
63161010,Garden St
63640130,Pulgas Ave
63173040,Oakwood Dr
62241090,Holland St
63171030,Ralmar Ave
63331120,University Ave
63195140,Glen Way
63198040,Glen Way
63361360,Cooley Ave
63331090,University Ave
63361300,Schembri Ln
63156070,Oakwood Dr
63186070,Garden St
63302060,Euclid Ave
63182160,Lincoln St
63152170,Ralmar Ave
63362480,Schembri Ln
63151150,Poplar Ave
63362130,Schembri Ln
63301070,Euclid Ave
63156140,Dumbarton Ave
63362740,Clarke Ave
63362690,Cooley Ave
63156170,Dumbarton Ave
63186180,Bell St
63182140,Lincoln St
63302310,Bell St
63302300,Bell St
63154070,Addison Ave
62242220,Laurel Ave
63162300,Ralmar Ave
63197040,Palo Verde Ave
63192100,Palo Verde Ave
62243300,Bradley Way
63172350,Oakwood Dr
62243120,Menalto Ave
63174270,Dumbarton Ave
63264350,Pulgas Ave
62242120,Bradley Way
62242190,Laurel Ave
63265180,Runnymede St
63265190,Runnymede St
63265200,Runnymede St
63265210,Runnymede St
63265220,Runnymede St
63265230,Runnymede St
63271130,Runnymede St
63271360,Runnymede St
62243150,Menalto Ave
63196040,Runnymede St
62243250,Bradley Way
63262110,Runnymede St
63262220,Runnymede St
63262210,Runnymede St
63302170,University Ave
63332160,Capitol Ave
63195120,Glen Way
63198060,Glen Way
63172470,Oakwood Dr
63153300,Ralmar Ave
63151050,Menalto Ave
63152090,Poplar Ave
63361250,Schembri Ln
63361450,Schembri Ln
63361160,Schembri Ln
63361440,Schembri Ln
63381270,Pulgas Ave
63381260,Garden St
63362140,Schembri Ln
63332390,Cooley Ave
63362380,Schembri Ln
63182110,Lincoln St
63362370,Schembri Ln
63362360,Schembri Ln
63153060,Ralmar Ave
63152030,Poplar Ave
63156020,Oakwood Dr
63186030,Lincoln St
63362650,Bell St
63362660,Bell St
63331320,Capitol Ave
63362710,Cooley Ave
63253100,Clarke Ave
63264230,Ruth Ct
63197020,Palo Verde Ave
63171360,Addison Ave
63253010,Runnymede St
63201310,Runnymede St
63174030,Oakwood Dr
63264250,Ruth Ct
63201320,Runnymede St
63162350,Ralmar Ave
62241020,Laurel Ave
63196080,Glen Way
63173060,Oakwood Dr
63252260,Clarke Ave
63640010,Mandela Ct
63640110,Mandela Ct
63252060,Runnymede St
63272140,Pulgas Ave
63262310,Runnymede St
63252240,Runnymede St
63252090,Runnymede St
63195080,Oakdale Ave
63332530,Cooley Ave
62243200,Menalto Ave
63650060,Veronica Ct
63252290,Clarke Ave
63331220,Capitol Ave
63172020,Addison Ave
63171010,Garden St
63151100,Poplar Ave
63173160,Dumbarton Ave
63332560,Cooley Ave
63361490,Schembri Ln
63361230,Schembri Ln
63381210,Garden St
63361090,Schembri Ln
63341100,Connolly Way
63361410,Schembri Ln
63361120,Schembri Ln
63341490,Pulgas Ave
63331250,Capitol Ave
63195170,Glen Way
63182080,Dumbarton Ave
63302380,Euclid Ave
63332110,Capitol Ave
63198100,Glen Way
63186090,Garden St
63341180,Garden St
63362350,Schembri Ln
63362340,Schembri Ln
63362510,Schembri Ln
63186170,Bell St
63155090,Bell St
63186010,Bell St
63331030,University Ave
63192080,Palo Verde Ave
63253020,Runnymede St
63161300,Poplar Ave
63253510,Runnymede St
63162320,Ralmar Ave
62243280,Bradley Way
62221130,Holland St
63192010,Dumbarton Ave
63172120,Addison Ave
63264180,Ruth Ct
63171390,Addison Ave
63253060,Runnymede St
63253070,Clarke Ave
63264360,Runnymede St
63264330,Pulgas Ave
63271440,Runnymede St
63162070,Poplar Ave
63172390,Oakwood Dr
63172090,Addison Ave
63171090,Ralmar Ave
63196150,Oakdale Ave
63262380,Clarke Ave
62243230,Bradley Way
63650070,Veronica Ct
63161380,Poplar Ave
63301160,Euclid Ave
63171440,Addison Ave
63262350,Clarke Ave
63191030,Dumbarton Ave
63302470,University Ave
63173020,Oakwood Dr
63381230,Garden St
63151080,Garden St
63381290,Pulgas Ave
63301110,Euclid Ave
63332470,Cooley Ave
63302370,Euclid Ave
63302220,University Ave
63361370,Cooley Ave
63186100,Garden St
63153280,Ralmar Ave
63362460,Schembri Ln
63182030,Dumbarton Ave
63342220,Terra Villa St
63154080,Addison Ave
63154130,Oakwood Dr
62222120,Laurel Ave
63174060,Oakwood Dr
63253480,Runnymede St
63253430,Cooley Ave
63201300,Runnymede St
63162100,Poplar Ave
63253580,Runnymede St
63171120,Ralmar Ave
63196050,Runnymede St
63161330,Poplar Ave
63264270,Runnymede St
63253460,Cooley Ave
63161060,Menalto Ave
62242160,Bradley Way
63252180,Runnymede St
63173110,Dumbarton Ave
63302120,Euclid Ave
63195090,Oakdale Ave
63331150,University Ave
63198080,Glen Way
63195070,Lincoln St
63332400,Cooley Ave
63162410,Ralmar Ave
63161400,Poplar Ave
63332140,Capitol Ave
63341500,Pulgas Ave
63341340,Connolly Way
63341320,Connolly Way
63341330,Connolly Way
63195150,Glen Way
63195030,Lincoln St
63153140,Addison Ave
63341140,Garden St
63151120,Poplar Ave
63152140,Ralmar Ave
63151030,Menalto Ave
63152070,Poplar Ave
63186110,Garden St
63345250,Terra Villa St
63153190,Addison Ave
63153270,Ralmar Ave
63186160,Bell St
63383050,Pulgas Ave
63302290,Bell St
63332040,Capitol Ave
63342270,Pulgas Ave
63302280,Bell St
63342190,Terra Villa St
63345280,Terra Villa St
63172150,Addison Ave
63171160,Ralmar Ave
62242090,Bradley Way
63197290,Glen Way
63162130,Poplar Ave
63161120,Menalto Ave
63171530,Ralmar Ave
62242200,Laurel Ave
62221110,Holland St
63161090,Menalto Ave
63197320,Glen Way
62242180,Laurel Ave
63199050,Glen Way
63210360,University Ave
63264170,Runnymede St
63210470,Runnymede St
63264290,Runnymede St
63196130,Oakdale Ave
63191090,Palo Verde Ave
62243170,Menalto Ave
63191080,Palo Verde Ave
63191070,Dumbarton Ave
63162370,Ralmar Ave
63171420,Addison Ave
63172070,Addison Ave
63171060,Ralmar Ave
63161410,Poplar Ave
62241070,Holland St
63331190,Capitol Ave
63262320,Pulgas Ave
63650020,Veronica Ct
63301140,Euclid Ave
63341430,Garden St
63341440,Garden St
63341570,Clarke Ave
63361350,Cooley Ave
63156110,Dumbarton Ave
63341420,Garden St
63341210,Garden St
63341250,Garden St
63341260,Garden St
63341460,Garden St
63341550,Clarke Ave
63331270,Capitol Ave
63301080,Euclid Ave
63362210,Schembri Ln
63362410,Bell Ct
63362400,Bell Ct
63156160,Dumbarton Ave
63362420,Bell Ct
63331310,Capitol Ave
63383240,Cypress St
63383250,Cypress St
63383260,Cypress St
63383270,Cypress St
63383300,Cypress St
63199080,Glen Way
63271300,Pulgas Ave
63201290,University Ave
63197340,Runnymede St
63265100,Buchanan Ct
63265090,Buchanan Ct
63265080,Buchanan Ct
63265070,Buchanan Ct
63265060,Buchanan Ct
63172370,Oakwood Dr
63271270,Pulgas Ave
63264280,Runnymede St
63196060,Runnymede St
63253530,Runnymede St
63253520,Runnymede St
62221160,Laurel Ave
63171510,Addison Ave
63173100,Dumbarton Ave
63171080,Ralmar Ave
63162050,Poplar Ave
63252300,Runnymede St
63332540,Runnymede St
63161040,Menalto Ave
63191110,Lincoln St
63195100,Oakdale Ave
63172050,Addison Ave
63640040,Mandela Ct
62241100,Holland St
63331130,University Ave
63198110,Glen Way
63361510,Clarke Ave
63191010,Garden St
63172460,Oakwood Dr
63361060,Schembri Ln
63361070,Schembri Ln
63361080,Schembri Ln
63331100,University Ave
63153290,Ralmar Ave
63156080,Oakwood Dr
63152100,Poplar Ave
63151060,Menalto Ave
63182090,Garden St
63186120,Garden St
63341540,Garden St
63362730,Cooley Ave
63342240,Garden St
63153070,Ralmar Ave
63152050,Poplar Ave
63345230,Garden St
63345220,Garden St
63186230,Bell St
63362430,Bell Ct
63345200,Brentwood Ct
63182130,Lincoln St
63362440,Bell Ct
63362680,Cooley Ave
63383200,Cypress St
63383210,Cypress St
63383220,Cypress St
63383040,Pulgas Ave
63383230,Cypress St
63155100,Dumbarton Ave
63174260,Dumbarton Ave
62243310,Bradley Way
63265050,Buchanan Ct
63265040,Buchanan Ct
63265030,Buchanan Ct
62243290,Bradley Way
62222140,Laurel Ave
62243140,Menalto Ave
63265260,Clarke Ave
63253080,Clarke Ave
63264370,Pulgas Ave
62243260,Bradley Way
63196020,Palo Verde Ave
63172380,Oakwood Dr
63196120,Oakdale Ave
63161350,Poplar Ave
63191060,Dumbarton Ave
62243220,Holland St
63640120,Pulgas Ave
63162030,Poplar Ave
63650010,Veronica Ct
63173050,Oakwood Dr
63171040,Ralmar Ave
63161020,Menalto Ave
63332170,Capitol Ave
63195110,Glen Way
63361500,Schembri Ln
63650030,Veronica Ct
63171490,Addison Ave
63341530,Pulgas Ave
63332120,Capitol Ave
63640080,Mandela Ct
63381280,Pulgas Ave
63361460,Schembri Ln
63361470,Schembri Ln
63153160,Addison Ave
63151140,Poplar Ave
63332520,Cooley Ave
63186130,Garden St
63345210,Garden St
63156030,Oakwood Dr
63344080,Garden St
63344070,Garden St
63182040,Dumbarton Ave
63331300,Capitol Ave
63301050,Euclid Ave
63383290,Cypress St
63383310,Cypress St
63383320,Cypress St
63154120,Oakwood Dr
63383330,Cypress St
63383340,Cypress St
63332050,Capitol Ave
63332430,Cooley Ave
63301020,Euclid Ave
63154060,Addison Ave
63383470,Cypress St
63172340,Oakwood Dr
63264110,Pulgas Ave
63253420,Cooley Ave
62243110,Menalto Ave
63171350,Addison Ave
63174040,Oakwood Dr
63192020,Dumbarton Ave
63162340,Ralmar Ave
63171380,Addison Ave
63196070,Glen Way
63174010,Oakwood Dr
63172100,Addison Ave
63173090,Palo Verde Ave
63332500,Runnymede St
63252270,Clarke Ave
63172540,Oakwood Dr
63151180,Poplar Ave
63650050,Veronica Ct
63332550,Cooley Ave
63331240,Capitol Ave
63302080,Euclid Ave
63341390,Garden St
63361330,Clarke Ave
63156130,Dumbarton Ave
63151020,Menalto Ave
63344460,Garden St
63383380,Garden St
63186220,Bell St
63342250,Pulgas Ave
63344130,Clarke Ave
63344120,Clarke Ave
63342200,Terra Villa St
63344110,Clarke Ave
63345270,Terra Villa St
63345170,Brentwood Ct
63345040,Brentwood Ct
63161290,Poplar Ave
63162310,Ralmar Ave
63363480,Bell St
63363470,Bell St
63181080,Dumbarton Ave
63291170,Bell St
63291180,Euclid Ave
63185080,Lincoln St
63384200,Beech St
63384210,Beech St
63630040,Tea Ct
63384220,Beech St
63384230,Beech St
63384390,Beech St
63322170,Bell St
63185050,Lincoln St
63181050,Dumbarton Ave
63185200,Green St
63371370,Cooley Ave
63371280,Cooley Ave
63322500,Cooley Ave
63141210,Donohoe St
63143130,Donohoe St
63183070,Glen Way
63143010,Donohoe St
63322070,Capitol Ave
63322490,Cooley Ave
63374420,Salas Ct
63321330,Capitol Ave
63373210,Cooley Ave
63403390,Azalia Dr
63363460,Bell St
63155120,Dumbarton Ave
63345300,Terra Villa St
63181130,Lincoln St
63154170,Oakwood Dr
63142080,Poplar Ave
63322180,Bell St
63384450,Beech St
63384260,Beech St
63384270,Beech St
63185270,Bell St
63384300,Beech St
63155030,Oakwood Dr
63322380,Cooley Ave
63291190,Euclid Ave
63344310,Beech St
63344300,Beech St
63144090,Ralmar Ave
63142110,Green St
63371390,Clarke Ave
63291140,Euclid Ave
63141280,Green St
63321120,University Ave
63146060,Green St
63291080,Euclid Ave
63185010,Lincoln St
63141170,Ralmar Ave
63373290,Camphor Way
63442460,Donohoe St
63373250,Camphor Way
63373270,Camphor Way
63351100,Myrtle St
63373260,Camphor Way
63401190,Larkspur Dr
63403020,Wisteria Dr
63331350,Bell St
63155080,Oakwood Dr
63331330,Capitol Ave
63342170,Terra Villa St
63342300,Pulgas Ave
63363290,Cooley Ave
63292050,Euclid Ave
63363490,Henry Ct
63384380,Pulgas Ave
63344480,Beech St
63344470,Beech St
63344390,Clarke Ave
63345110,Brentwood Ct
63630030,Tea Ct
63630070,Tea Ct
63141140,Ralmar Ave
63351650,Clarke Ave
63371350,Clarke Ave
63351670,Clarke Ave
63141200,Donohoe St
63291060,Euclid Ave
63184050,Green St
63146020,Addison Ave
63321300,Capitol Ave
63147090,Dumbarton Ave
63143150,Donohoe St
63373230,Camphor Way
63351720,Clarke Ave
63291030,Euclid Ave
63184030,Glen Way
63147110,Oakwood Dr
63373190,Cooley Ave
63351110,Myrtle St
63351120,Myrtle St
63322050,Capitol Ave
63322440,Cooley Ave
63373360,Clarke Ave
63404020,Azalia Dr
63404340,Pulgas Ave
63442170,Donohoe St
63181110,Bell St
63142070,Poplar Ave
63344490,Clarke Ave
63332490,Cooley Ave
63155140,Dumbarton Ave
63345320,Terra Villa St
63345370,Beech St
63344550,Beech St
63144070,Ralmar Ave
63321210,Capitol Ave
63630020,Tea Ct
63371430,Green St
63321240,Capitol Ave
63146070,Green St
63143040,Ralmar Ave
63143120,Addison Ave
63373170,Green St
63322480,Cooley Ave
63442510,Donohoe St
63373350,Clarke Ave
63351370,Myrtle St
63402370,Wisteria Dr
63402020,Larkspur Dr
63442570,Donohoe St
63322040,Capitol Ave
63154140,Oakwood Dr
63345150,Brentwood Ct
63181150,Lincoln St
63342310,Pulgas Ave
63342150,Terra Villa St
63185060,Lincoln St
63342120,Beech St
63345350,Beech St
63181180,Lincoln St
63185310,Lincoln St
63181030,Dumbarton Ave
63181210,Lincoln St
63630010,Tea Ct
63321270,Capitol Ave
63146050,Addison Ave
63373160,Green St
63373330,Green St
63351630,Myrtle St
63322420,Cooley Ave
63401180,Larkspur Dr
63403030,Wisteria Dr
63404330,Pulgas Ave
63374250,Clarke Ave
63442610,Donohoe St
63402360,Wisteria Dr
63374400,Salas Ct
63332030,Capitol Ave
63345060,Brentwood Ct
63384190,Cypress St
63384180,Cypress St
63384170,Cypress St
63384160,Cypress St
63384150,Cypress St
63384130,Cypress St
63384120,Cypress St
63384110,Cypress St
63384100,Cypress St
63384090,Cypress St
63363430,Cooley Ave
63144080,Poplar Ave
63345120,Brentwood Ct
63181060,Dumbarton Ave
63363520,Henry Ct
63363320,Cooley Ave
63321130,University Ave
63371340,Clarke Ave
63185290,Green St
63401470,Vance Ln
63401390,Pulgas Ave
63373140,Green St
63184090,Green St
63373110,Green St
63373120,Green St
63373220,Cooley Ave
63403380,Azalia Dr
63442340,Donohoe St
63442600,Donohoe St
63374390,Salas Ct
63374380,Salas Ct
63153310,Addison Ave
63154050,Addison Ave
63383060,Pulgas Ave
63345290,Terra Villa St
63155110,Dumbarton Ave
63154030,Addison Ave
63384080,Cypress St
63384070,Cypress St
63185130,Bell St
63142100,Poplar Ave
63322140,Capitol Ave
63401420,Pulgas Ave
63143060,Green St
63143020,Ralmar Ave
63373180,Green St
63373370,Green St
63184080,Green St
63322080,Capitol Ave
63146140,Donohoe St
63404030,Azalia Dr
63374190,Donohoe St
63374180,Donohoe St
63374010,Cooley Ave
63403370,Azalia Dr
63181120,Bell St
63342180,Terra Villa St
63342330,Pulgas Ave
63332440,Cooley Ave
63155060,Oakwood Dr
63345100,Beech St
63384330,Beech St
63384340,Beech St
63291150,Euclid Ave
63144010,Poplar Ave
63185240,Green St
63155170,Dumbarton Ave
63321230,Capitol Ave
63322130,Capitol Ave
63371290,Cooley Ave
63371080,Green St
63371440,Green St
63371410,Cooley Ave
63141160,Ralmar Ave
63373380,Green St
63373390,Green St
63373080,Green St
63374170,Donohoe St
63374330,Donohoe St
63402030,Larkspur Dr
63401170,Larkspur Dr
63301010,Euclid Ave
63384060,Cypress St
63181090,Dumbarton Ave
63185140,Bell St
63155040,Oakwood Dr
63345130,Brentwood Ct
63345360,Brentwood Ct
63363510,Henry Ct
63155160,Dumbarton Ave
63384350,Beech St
63384410,Beech St
63322350,Cooley Ave
63344380,Beech St
63141090,Green St
63351290,Beech St
63351270,Beech St
63351260,Beech St
63291090,Euclid Ave
63143050,Ralmar Ave
63321260,Capitol Ave
63181230,Lincoln St
63351620,Clarke Ave
63146110,Oakwood Dr
63146030,Addison Ave
63373070,Green St
63321290,Capitol Ave
63184070,Green St
63442520,Donohoe St
63321320,Capitol Ave
63403040,Wisteria Dr
63322430,Cooley Ave
63404040,Azalia Dr
63404320,Pulgas Ave
63402040,Larkspur Dr
63352250,Pulgas Ave
63352310,Myrtle Ct
63352230,Clarke Ave
63442590,Donohoe St
63401160,Larkspur Dr
63374370,Salas Ct
63154160,Oakwood Dr
63332010,Capitol Ave
63342130,Terra Villa St
63342110,Beech St
63342280,Beech St
63185040,Lincoln St
63181040,Dumbarton Ave
63185230,Green St
63181200,Lincoln St
63351350,Beech St
63600080,Beech St
63401450,Beech St
63351660,Clarke Ave
63143070,Green St
63183030,Green St
63401290,Sage St
63401280,Sage St
63401270,Sage St
63401300,Sage St
63401260,Sage St
63401250,Sage St
63401310,Sage St
63401240,Sage St
63401230,Sage St
63401320,Sage St
63291040,Euclid Ave
63322470,Cooley Ave
63147070,Dumbarton Ave
63402350,Wisteria Dr
63352030,Myrtle St
63403050,Wisteria Dr
63374410,Salas Ct
63404050,Azalia Dr
63374260,Clarke Ave
63404310,Pulgas Ave
63345160,Brentwood Ct
63345050,Brentwood Ct
63154040,Addison Ave
63363420,Clarke Ave
63185150,Bell St
63384050,Cypress St
63384370,Pulgas Ave
63155130,Dumbarton Ave
63384420,Beech St
63363410,Clarke Ave
63181170,Lincoln St
63345340,Terra Villa St
63321140,University Ave
63371100,Green St
63144050,Green St
63401440,Beech St
63351800,Beech St
63401430,Pulgas Ave
63141100,Green St
63351790,Beech St
63185020,Lincoln St
63401400,Pulgas Ave
63401500,Vance Ln
63143110,Addison Ave
63401220,Larkspur Dr
63401330,Sage St
63401340,Sage St
63401350,Sage St
63401360,Sage St
63401370,Pulgas Ave
63373320,Clarke Ave
63402380,Wisteria Dr
63402390,Sage St
63402010,Larkspur Dr
63403010,Wisteria Dr
63403360,Azalia Dr
63374020,Cooley Ave
63352350,Sparrow Ct
63352390,Sparrow Ct
63442620,Donohoe St
63402340,Wisteria Dr
63363250,Bell St
63630060,Bell St
63363550,Bell St
63181140,Lincoln St
63185160,Bell St
63345310,Terra Villa St
63342160,Terra Villa St
63342290,Pulgas Ave
63181070,Dumbarton Ave
63185070,Lincoln St
63154260,Oakwood Dr
63363340,Cooley Ave
63185220,Green St
63371110,Green St
63371120,Green St
63371420,Green St
63155180,Dumbarton Ave
63351750,Beech St
63351780,Beech St
63143080,Green St
63371360,Clarke Ave
63351560,Pulgas Ave
63291070,Euclid Ave
63183040,Green St
63322090,Capitol Ave
63141190,Donohoe St
63373060,Green St
63401210,Larkspur Dr
63403400,Sage St
63404010,Sage St
63404360,Sage St
63351490,Myrtle St
63404350,Sage St
63401150,Larkspur Dr
63403060,Wisteria Dr
63363370,Bell St
63155070,Oakwood Dr
63181100,Dumbarton Ave
63363540,Bell St
63363300,Cooley Ave
63332480,Cooley Ave
63321180,Bell St
63142090,Poplar Ave
63321190,Bell St
63371140,Green St
63321220,Capitol Ave
63181190,Lincoln St
63351680,Clarke Ave
63371300,Cooley Ave
63141110,Green St
63322450,Cooley Ave
63351760,Beech St
63371400,Cooley Ave
63351770,Beech St
63373050,Camphor Way
63351390,Almond Ct
63373040,Camphor Way
63351510,Lita Ln
63373030,Green St
63351500,Lita Ln
63351480,Dines Ct
63146010,Addison Ave
63351430,Myrtle St
63322060,Capitol Ave
63351730,Clarke Ave
63402050,Larkspur Dr
63404060,Azalia Dr
63374270,Clarke Ave
63404300,Pulgas Ave
63363450,Bell St
63185100,Lincoln St
63331340,Capitol Ave
63363230,Bell St
63185250,Bell St
63344500,Clarke Ave
63155150,Dumbarton Ave
63384030,Pulgas Ave
63144020,Poplar Ave
63291100,Euclid Ave
63321110,University Ave
63143090,Addison Ave
63181220,Lincoln St
63141150,Ralmar Ave
63143100,Addison Ave
63351600,Clarke Ave
63143030,Ralmar Ave
63322100,Capitol Ave
63183050,Green St
63322370,Cooley Ave
63373020,Green St
63351640,Clarke Ave
63291050,Euclid Ave
63373010,Cooley Ave
63351410,Almond Ct
63147060,Dumbarton Ave
63373280,Camphor Way
63351420,Almond Ct
63352260,Pulgas Ave
63374030,Cooley Ave
63403350,Azalia Dr
63352340,Myrtle Ct
63345140,Brentwood Ct
63345070,Brentwood Ct
63345330,Terra Villa St
63181160,Lincoln St
63344370,Clarke Ave
63141270,Green St
63321250,Capitol Ave
63321280,Capitol Ave
63146040,Addison Ave
63322460,Cooley Ave
63141180,Donohoe St
63143140,Donohoe St
63321310,Capitol Ave
63146150,Donohoe St
63291020,Euclid Ave
63321050,University Ave
63401200,Larkspur Dr
63373240,Camphor Way
63352240,Clarke Ave
63402330,Wisteria Dr
63302010,Bell St
63154150,Oakwood Dr
63332020,Capitol Ave
63363390,Bell St
63363350,Clarke Ave
63155050,Oakwood Dr
63185280,Bell St
63342140,Terra Villa St
63342320,Pulgas Ave
63322150,Capitol Ave
63363500,Henry Ct
63322160,Bell St
63630050,Tea Ct
63363380,Cooley Ave
63291120,Euclid Ave
63155020,Oakwood Dr
63371330,Clarke Ave
63185320,Lincoln St
63371090,Green St
63401410,Pulgas Ave
63401510,Vance Ln
63322110,Capitol Ave
63401380,Pulgas Ave
63401480,Vance Ln
63183060,Glen Way
63373200,Cooley Ave
63147100,Donohoe St
63442560,Donohoe St
63352320,Myrtle Ct
63374320,Donohoe St
63402090,Larkspur Dr
63390160,Daisy Ln
63390070,Daisy Ln
63401080,Larkspur Dr
63402250,Wisteria Dr
63511190,Donohoe St
63404160,Azalia Dr
63404200,Pulgas Ave
63402200,Wisteria Dr
63511080,Clarke Ave
63414330,Azalia Dr
63411170,Larkspur Dr
63411050,Camellia Dr
63413060,Larkspur Dr
63411010,Camellia Dr
63412060,Gardenia Way
63414270,Azalia Dr
63663010,Wilks St
63663020,Wilks St
63663030,Wilks St
63663040,Wilks St
63402060,Larkspur Dr
63404080,Azalia Dr
63404280,Pulgas Ave
63401110,Larkspur Dr
63404110,Azalia Dr
63404250,Pulgas Ave
63403280,Azalia Dr
63402120,Larkspur Dr
63403130,Wisteria Dr
63402230,Wisteria Dr
63390120,Daisy Ln
63401030,Larkspur Dr
63403230,Azalia Dr
63402170,Larkspur Dr
63413030,Larkspur Dr
63413220,Wisteria Dr
63414030,Wisteria Dr
63413190,Wisteria Dr
63414060,Wisteria Dr
63413170,Wisteria Dr
63663160,Mouton Cir
63663150,Mouton Cir
63663140,Mouton Cir
63663130,Mouton Cir
63374360,Cooley Ave
63374290,Donohoe St
63403310,Azalia Dr
63402280,Wisteria Dr
63511040,Clarke Ave
63403180,Wisteria Dr
63390140,Daisy Ln
63411150,Larkspur Dr
63411020,Camellia Dr
63412010,Camellia Dr
63663050,Wilks St
63663060,Wilks St
63663070,Wilks St
63663080,Wilks St
63413140,Wisteria Dr
63663090,Wilks St
63663100,Mcnair St
63352270,Pulgas Ave
63352360,Sparrow Ct
63403340,Azalia Dr
63401140,Larkspur Dr
63402310,Wisteria Dr
63403100,Wisteria Dr
63390210,Hibiscus Ct
63390230,Hibiscus Ct
63511050,Clarke Ave
63282030,Euclid Ave
63401010,Larkspur Dr
63403210,Oconnor St
63403200,Oconnor St
63414340,Azalia Dr
63415290,Pulgas Ave
63415040,Azalia Dr
63413090,Larkspur Dr
63352380,Sparrow Ct
63403070,Wisteria Dr
63352330,Myrtle Ct
63390180,Daisy Ln
63404130,Azalia Dr
63404230,Pulgas Ave
63390090,Daisy Ln
63401060,Larkspur Dr
63403260,Azalia Dr
63402210,Wisteria Dr
63661010,Oconnor St
63492240,Oconnor St
63413020,Larkspur Dr
63661020,Oconnor St
63492230,Oconnor St
63411180,Larkspur Dr
63414280,Azalia Dr
63415070,Azalia Dr
63522030,Camellia Dr
63415260,Pulgas Ave
63412080,Gardenia Way
63374440,Donohoe St
63402080,Larkspur Dr
63390150,Daisy Ln
63402260,Wisteria Dr
63402140,Larkspur Dr
63511070,Clarke Ave
63391030,Oconnor St
63661030,Oconnor St
63492220,Oconnor St
63661040,Oconnor St
63492210,Clarke Ave
63661050,Oconnor St
63411070,Camellia Dr
63661280,Gates St
63661270,Gates St
63661260,Gates St
63661250,Gates St
63411040,Camellia Dr
63661240,Gates St
63414080,Wisteria Dr
63521020,Camellia Dr
63404070,Azalia Dr
63401120,Larkspur Dr
63404100,Azalia Dr
63404260,Pulgas Ave
63390170,Daisy Ln
63390400,Daisy Ln
63401090,Larkspur Dr
63402110,Larkspur Dr
63403150,Wisteria Dr
63390110,Daisy Ln
63401040,Larkspur Dr
63403240,Azalia Dr
63390260,Daisy Ln
63390250,Hibiscus Ct
63391040,Oconnor St
63391050,Oconnor St
63413230,Wisteria Dr
63661060,Oconnor St
63661070,Oconnor St
63661080,Oconnor St
63414020,Wisteria Dr
63661230,Gates St
63661220,Gates St
63661210,Gates St
63661200,Gates St
63661190,Gates St
63414310,Azalia Dr
63412040,Camellia Dr
63413050,Larkspur Dr
63412050,Gardenia Way
63522020,Camellia Dr
63413130,Wisteria Dr
63404290,Pulgas Ave
63403320,Azalia Dr
63403290,Azalia Dr
63403120,Wisteria Dr
63390200,Hibiscus Ct
63511030,Clarke Ave
63402160,Larkspur Dr
63411190,Larkspur Dr
63661090,Oconnor St
63661100,Oconnor St
63661110,Oconnor St
63661180,Gates St
63661170,Gates St
63661160,Gates St
63661150,Gates St
63414050,Wisteria Dr
63413200,Wisteria Dr
63411140,Larkspur Dr
63413070,Larkspur Dr
63522010,Camellia Dr
63492160,Clarke Ave
63413160,Wisteria Dr
63492150,Clarke Ave
63352220,Clarke Ave
63374280,Clarke Ave
63402320,Wisteria Dr
63403090,Wisteria Dr
63390220,Hibiscus Ct
63404150,Azalia Dr
63404210,Pulgas Ave
63403170,Wisteria Dr
63390130,Daisy Ln
63401020,Larkspur Dr
63413010,Larkspur Dr
63413240,Oconnor St
63661120,Oconnor St
63661130,Oconnor St
63661140,Oconnor St
63413100,Larkspur Dr
63414260,Azalia Dr
63414100,Wisteria Dr
63402290,Wisteria Dr
63402240,Wisteria Dr
63390240,Hibiscus Ct
63390320,Oconnor St
63403220,Azalia Dr
63390310,Oconnor St
63390300,Oconnor St
63403190,Wisteria Dr
63390290,Oconnor St
63390280,Oconnor St
63511090,Clarke Ave
63414010,Oconnor St
63414350,Oconnor St
63411090,Gardenia Way
63411160,Larkspur Dr
63415030,Azalia Dr
63415300,Pulgas Ave
63412030,Camellia Dr
63662260,Wilks St
63413180,Wisteria Dr
63662250,Wilks St
63662240,Wilks St
63662230,Wilks St
63662220,Wilks St
63415270,Pulgas Ave
63415060,Azalia Dr
63521040,Camellia Dr
63374150,Donohoe St
63511240,Donohoe St
63511260,Donohoe St
63511220,Donohoe St
63390390,Daisy Ln
63511250,Donohoe St
63404120,Azalia Dr
63390080,Daisy Ln
63401070,Larkspur Dr
63404370,Azalia Dr
63404380,Pulgas Ave
63390270,Daisy Ln
63411080,Gardenia Way
63411030,Camellia Dr
63662210,Wilks St
63662200,Wilks St
63662190,Wilks St
63662180,Wilks St
63522390,Lotus Way
63412070,Gardenia Way
63663110,Mcnair St
63402070,Larkspur Dr
63404090,Azalia Dr
63404240,Pulgas Ave
63402270,Wisteria Dr
63390190,Daisy Ln
63403270,Azalia Dr
63402130,Larkspur Dr
63403140,Wisteria Dr
63402220,Wisteria Dr
63402180,Oconnor St
63402190,Oconnor St
63414320,Azalia Dr
63411120,Gardenia Way
63411130,Larkspur Dr
63662010,Gates St
63662020,Gates St
63662170,Wilks St
63414290,Azalia Dr
63662160,Wilks St
63662150,Wilks St
63662140,Wilks St
63413110,Gardenia Way
63415080,Azalia Dr
63401130,Larkspur Dr
63374430,Donohoe St
63404270,Pulgas Ave
63402100,Larkspur Dr
63401100,Larkspur Dr
63511200,Donohoe St
63281110,E Okeefe St
63390100,Daisy Ln
63401050,Larkspur Dr
63511060,Clarke Ave
63391010,Oconnor St
63411060,Camellia Dr
63413040,Larkspur Dr
63413210,Wisteria Dr
63662030,Gates St
63662040,Gates St
63662050,Gates St
63662060,Gates St
63662070,Gates St
63521010,Camellia Dr
63414070,Wisteria Dr
63522370,Lotus Way
63522400,Lotus Way
63522360,Lotus Way
63412090,Gardenia Way
63403330,Azalia Dr
63402300,Wisteria Dr
63403300,Azalia Dr
63403250,Azalia Dr
63402150,Larkspur Dr
63414040,Wisteria Dr
62134250,Ralmar Ave
63662080,Gates St
63662090,Gates St
63662100,Gates St
63414250,Azalia Dr
63415250,Pulgas Ave
63352280,Pulgas Ave
63403110,Wisteria Dr
63511020,Clarke Ave
63403160,Wisteria Dr
63411110,Gardenia Way
63662110,Gates St
63662120,Gates St
63412020,Camellia Dr
63662130,Gates St
63415280,Pulgas Ave
63415050,Azalia Dr
63413150,Wisteria Dr
63414110,Wisteria Dr
63663220,Mouton Cir
63403080,Wisteria Dr
63352370,Sparrow Ct
63511210,Donohoe St
63404140,Azalia Dr
63404220,Pulgas Ave
63391020,Oconnor St
63415020,Azalia Dr
63415310,Pulgas Ave
63414300,Azalia Dr
63413080,Larkspur Dr
63522380,Lotus Way
63414090,Wisteria Dr
63521030,Camellia Dr
63663210,Mouton Cir
63663200,Mouton Cir
63663190,Mouton Cir
63663180,Mouton Cir
63663170,Mouton Cir
63521070,Camellia Dr
63730010,Aspen Pl
63730020,Aspen Pl
63730040,Aspen Pl
63415210,Pulgas Ave
63522320,Wisteria Dr
63414170,Gardenia Way
63664210,Mouton Cir
63415140,Gaillardia Way
63523080,Wisteria Dr
63522260,Wisteria Dr
63675080,Oakes St
63675090,Oakes St
63523230,Azalia Dr
63672260,Baines St
63672140,Tate St
63673300,Baines St
63673310,Baines St
63522220,Wisteria Dr
63552150,Gardenia Way
63551250,Gardenia Way
63551210,Gardenia Way
63532080,Jasmine Way
63551190,Verbena Dr
63562430,Camellia Dr
63531090,Jasmine Way
63534290,Daphne Way
63561350,Abelia Way
63562270,Camellia Dr
63534260,Daphne Way
63562240,Verbena Dr
63562370,Camellia Ct
63522040,Camellia Dr
63414210,Azalia Dr
63414160,Gardenia Way
63522080,Camellia Dr
63664200,Mouton Cir
63664190,Mouton Cir
63664180,Mouton Cir
63664170,Mouton Cir
63522300,Wisteria Dr
63523060,Wisteria Dr
63415160,Gaillardia Way
63522280,Wisteria Dr
63553420,Gaillardia Way
63553380,Pulgas Ave
63551400,Gardenia Way
63673010,Baines St
63551470,Azalia Dr
63673060,Baines St
63673070,Baines St
63673080,Baines St
63673090,Baines St
63673100,Baines St
63673110,Baines St
63531030,Jasmine Way
63552130,Gardenia Way
63553190,Verbena Dr
63562030,Abelia Way
63561110,Daphne Ct
63534040,Aster Way
63531120,Jasmine Way
63532110,Jasmine Way
63562340,Camellia Ct
63562350,Camellia Ct
63532160,Jasmine Way
63521050,Camellia Dr
63415110,Gaillardia Way
63664010,Mouton Cir
63664020,Mouton Cir
63664030,Mouton Cir
63664040,Mouton Cir
63664050,Mouton Cir
63664060,Mouton Cir
63553470,Gaillardia Way
63664160,Mouton Cir
63664150,Mouton Cir
63664140,Mouton Cir
63664130,Mouton Cir
63523320,Azalia Dr
63415190,Pulgas Ave
63553440,Gaillardia Way
63671120,Mcnair St
63553030,Verbena Dr
63552010,Gardenia Way
63553050,Verbena Dr
63484020,Capitol Ave
63551370,Gardenia Ct
63673120,Baines St
63673130,Baines St
63523210,Azalia Dr
63673190,Baines St
63673140,Baines St
63481080,Woodland Ave
63551040,Camellia Dr
63531010,Jasmine Way
63532470,Camellia Dr
63481040,Woodland Ave
63532450,Wisteria Dr
63553270,Pulgas Ave
63532400,Wisteria Dr
63562260,Camellia Dr
63562320,Camellia Ct
63533020,Wisteria Dr
63664070,Mouton Cir
63664080,Mouton Cir
63664090,Mouton Cir
63664100,Mcnair St
63473020,Woodland Ave
63521090,Camellia Dr
63522100,Camellia Dr
63551430,Azalia Dr
63523130,Wisteria Dr
63522170,Camellia Dr
63673030,Baines St
63673150,Baines St
63673160,Baines St
63673170,Baines St
63673180,Baines St
63553130,Verbena Dr
63553150,Verbena Dr
63553170,Verbena Dr
63532040,Jasmine Way
63553290,Pulgas Ave
63551110,Camellia Dr
63532060,Jasmine Way
63551140,Camellia Dr
63531070,Jasmine Way
63562420,Camellia Dr
63481010,Woodland Ave
63532370,Wisteria Dr
63562060,Abelia Way
63561320,Abelia Way
63531150,Jasmine Way
63414120,Wisteria Dr
63415090,Azalia Dr
63414240,Azalia Dr
63492130,Clarke Ave
63414200,Azalia Dr
63415130,Gaillardia Way
63521110,Camellia Dr
63522120,Camellia Dr
63523110,Wisteria Dr
63552220,Verbena Dr
63521180,Camellia Dr
63553370,Pulgas Ave
63522230,Wisteria Dr
63552200,Verbena Dr
63551490,Azalia Dr
63552110,Gardenia Way
63523180,Camellia Dr
63551270,Gardenia Way
63553310,Pulgas Ave
63532020,Jasmine Way
63532460,Wisteria Dr
63531050,Jasmine Way
63561040,Daphne Ct
63561370,Abelia Way
63562390,Camellia Ct
63532140,Jasmine Way
63562230,Verbena Dr
63561160,Daphne Way
63663120,Mcnair St
63522410,Lotus Way
63522340,Lotus Way
63415120,Gaillardia Way
63523030,Wisteria Dr
63523310,Azalia Dr
63671230,Oakes St
63671220,Oakes St
63671210,Oakes St
63730050,Aspen Pl
63730060,Aspen Pl
63523260,Azalia Dr
63522140,Camellia Dr
63553080,Verbena Dr
63552070,Gardenia Way
63553100,Verbena Dr
63522190,Camellia Dr
63523160,Wisteria Dr
63481150,Circle Dr
63551050,Camellia Dr
63523190,Camellia Dr
63553330,Pulgas Ave
63551090,Camellia Dr
63561500,Camellia Dr
63552160,Verbena Dr
63561020,Daphne Way
63561390,Abelia Way
63562450,Camellia Dr
63534280,Daphne Way
63553220,Verbena Dr
63553230,Camellia Dr
63533010,Wisteria Dr
63563180,Verbena Dr
63563190,Camellia Dr
63563200,Pulgas Ave
63561140,Daphne Way
63534230,Daphne Way
63533280,Aster Way
63412100,Gardenia Way
63415240,Pulgas Ave
63415220,Pulgas Ave
63671010,Mouton Cir
63671020,Mouton Cir
63553450,Gaillardia Way
63671030,Mouton Cir
63671200,Oakes St
63521130,Camellia Dr
63523280,Azalia Dr
63671190,Oakes St
63671180,Oakes St
63671170,Oakes St
63521150,Camellia Dr
63553410,Gaillardia Way
63552260,Verbena Dr
63523240,Azalia Dr
63552240,Verbena Dr
63523220,Azalia Dr
63553350,Pulgas Ave
63552090,Gardenia Way
63551010,Camellia Dr
63552180,Verbena Dr
63551290,Gardenia Way
63561490,Camellia Dr
63561480,Camellia Dr
63561470,Camellia Dr
63561460,Camellia Dr
63561450,Camellia Dr
63561440,Camellia Dr
63561030,Daphne Way
63561060,Daphne Ct
63561070,Daphne Ct
63561010,Daphne Way
63532420,Wisteria Dr
63551150,Camellia Dr
63553240,Pulgas Ave
63531100,Jasmine Way
63534010,Wisteria Dr
63561340,Abelia Way
63563160,Verbena Dr
63562090,Abelia Way
63532340,Wisteria Dr
63414130,Wisteria Dr
63664120,Mcnair St
63671040,Mouton Cir
63671050,Mouton Cir
63671060,Mouton Cir
63671070,Mouton Cir
63671160,Oakes St
63671150,Oakes St
63671140,Oakes St
63552030,Gardenia Way
63551410,Gardenia Way
63551390,Gardenia Ct
63552050,Gardenia Way
63521170,Camellia Dr
63672130,Tate St
63551340,Gardenia Ct
63551310,Gardenia Way
63521200,Camellia Dr
63561430,Camellia Dr
63551240,Gardenia Way
63551180,Camellia Dr
63532090,Jasmine Way
63561120,Daphne Way
63533300,Aster Way
63531130,Jasmine Way
63513210,Cooley Ave
63534250,Daphne Way
63563220,Pulgas Ave
63414190,Azalia Dr
63522070,Camellia Dr
63553480,Azalia Dr
63523040,Wisteria Dr
63671080,Mouton Cir
63671090,Mouton Cir
63671100,Mouton Cir
63671110,Mcnair St
63522290,Wisteria Dr
63552290,Verbena Dr
63552280,Verbena Dr
63523090,Wisteria Dr
63553060,Verbena Dr
63551440,Azalia Dr
63551460,Azalia Dr
63522240,Wisteria Dr
63672270,Baines St
63551350,Gardenia Ct
63482010,Circle Dr
63551070,Camellia Dr
63531020,Jasmine Way
63534310,Wisteria Dr
63534020,Aster Way
63532390,Wisteria Dr
63532120,Jasmine Way
63534050,Aster Way
63562300,Camellia Ct
63561310,Abelia Way
63522050,Camellia Dr
63521080,Camellia Dr
63522310,Wisteria Dr
63415200,Pulgas Ave
63523070,Wisteria Dr
63553020,Verbena Dr
63415170,Pulgas Ave
63522270,Wisteria Dr
63484030,Capitol Ave
63551380,Gardenia Ct
63522160,Camellia Dr
63552210,Verbena Dr
63522200,Camellia Dr
63551060,Camellia Dr
63552140,Gardenia Way
63532440,Wisteria Dr
63561400,Abelia Way
63561080,Daphne Ct
63551120,Camellia Dr
63553200,Verbena Dr
63553260,Pulgas Ave
63562020,Abelia Way
63551200,Verbena Dr
63562040,Abelia Way
63531160,Jasmine Way
63534070,Aster Way
63533030,Wisteria Dr
63562220,Verbena Dr
63521060,Camellia Dr
63414230,Azalia Dr
63412110,Wisteria Dr
63414140,Wisteria Dr
63522090,Camellia Dr
63415150,Gaillardia Way
63523300,Azalia Dr
63674200,Oakes St
63674190,Oakes St
63674180,Oakes St
63553400,Gaillardia Way
63675180,Baines St
63675170,Baines St
63672250,Baines St
63551480,Azalia Dr
63551320,Gardenia Way
63553120,Verbena Dr
63531040,Jasmine Way
63561420,Camellia Dr
63551230,Gardenia Way
63553180,Verbena Dr
63553280,Pulgas Ave
63551160,Camellia Dr
63531080,Jasmine Way
63532070,Jasmine Way
63561090,Daphne Ct
63561360,Abelia Way
63534270,Daphne Way
63532360,Wisteria Dr
63562070,Abelia Way
63532150,Jasmine Way
63415100,Azalia Dr
63523010,Gardenia Way
63521100,Camellia Dr
63522110,Camellia Dr
63674170,Oakes St
63553040,Verbena Dr
63553430,Gaillardia Way
63674160,Oakes St
63674150,Oakes St
63674140,Oakes St
63674130,Oakes St
63671130,Mcnair St
63674120,Oakes St
63674110,Oakes St
63522250,Wisteria Dr
63523120,Wisteria Dr
63675160,Baines St
63673020,Baines St
63672240,Baines St
63675150,Baines St
63672230,Baines St
63675140,Baines St
63523150,Wisteria Dr
63673040,Baines St
63552190,Verbena Dr
63551020,Camellia Dr
63523200,Azalia Dr
63481160,Circle Dr
63551260,Gardenia Way
63534030,Aster Way
63562410,Camellia Ct
63562380,Camellia Ct
63562250,Verbena Dr
63533290,Aster Way
63563150,Verbena Dr
63561170,Daphne Way
63534220,Daphne Way
63533270,Aster Way
63562330,Camellia Ct
63522350,Lotus Way
63522330,Wisteria Dr
63414180,Azalia Dr
63664110,Mcnair St
63523330,Gardenia Way
63523050,Wisteria Dr
63415180,Pulgas Ave
63674010,Tinsley St
63522130,Camellia Dr
63672010,Oakes St
63672280,Baines St
63672020,Oakes St
63672030,Oakes St
63523250,Azalia Dr
63672040,Oakes St
63672220,Baines St
63675130,Baines St
63672210,Baines St
63675120,Baines St
63672200,Baines St
63675110,Baines St
63522180,Camellia Dr
63553360,Pulgas Ave
63523170,Wisteria Dr
63551500,Azalia Dr
63552100,Gardenia Way
63553140,Verbena Dr
63553160,Verbena Dr
63532030,Jasmine Way
63532050,Jasmine Way
63531060,Jasmine Way
63551170,Camellia Dr
63562440,Camellia Dr
63534300,Daphne Way
63531110,Jasmine Way
63532100,Jasmine Way
63561330,Abelia Way
63562310,Camellia Ct
63531140,Jasmine Way
63561150,Daphne Way
63562360,Camellia Ct
63532330,Wisteria Dr
63562100,Abelia Way
63553010,Verbena Dr
63674020,Tinsley St
63521120,Camellia Dr
63552300,Azalia Dr
63674030,Tinsley St
63674040,Tinsley St
63674050,Tinsley St
63674060,Tinsley St
63674070,Tinsley St
63672050,Oakes St
63672060,Oakes St
63672070,Oakes St
63672080,Oakes St
63521160,Camellia Dr
63552250,Verbena Dr
63672090,Oakes St
63675100,Baines St
63672190,Baines St
63672180,Baines St
63672170,Baines St
63672160,Baines St
63672150,Baines St
63552230,Verbena Dr
63553090,Verbena Dr
63552080,Gardenia Way
63673210,Baines St
63553110,Verbena Dr
63673220,Baines St
63522210,Wisteria Dr
63553340,Pulgas Ave
63552120,Gardenia Way
63553320,Pulgas Ave
63551280,Gardenia Way
63532010,Jasmine Way
63553300,Pulgas Ave
63551100,Camellia Dr
63561050,Daphne Ct
63532410,Wisteria Dr
63562290,Camellia Ct
63532380,Wisteria Dr
63534240,Daphne Way
63532130,Jasmine Way
63501190,Clarke Ave
63534080,Aster Way
63414220,Azalia Dr
63414150,Wisteria Dr
63415230,Pulgas Ave
63473010,Woodland Ave
63553460,Gaillardia Way
63674080,Tinsley St
63674090,Tinsley St
63674100,Tinsley St
63551420,Gardenia Way
63523270,Azalia Dr
63521140,Camellia Dr
63675010,Oakes St
63672100,Oakes St
63675020,Oakes St
63672110,Oakes St
63675030,Oakes St
63523140,Wisteria Dr
63552060,Gardenia Way
63673230,Baines St
63551330,Gardenia Ct
63521190,Camellia Dr
63673240,Baines St
63673050,Baines St
63673250,Baines St
63551360,Gardenia Ct
63673260,Baines St
63551300,Gardenia Way
63521210,Jasmine Way
63551030,Camellia Dr
63552170,Verbena Dr
63551220,Gardenia Way
63551130,Camellia Dr
63562400,Camellia Ct
63562050,Abelia Way
63562280,Camellia Dr
63561130,Daphne Way
63532350,Wisteria Dr
63562080,Abelia Way
63562210,Verbena Dr
63531170,Jasmine Way
63412120,Lotus Way
63523020,Wisteria Dr
63523290,Azalia Dr
63523100,Wisteria Dr
63552020,Gardenia Way
63552270,Verbena Dr
63672120,Tate St
63553070,Verbena Dr
63675040,Oakes St
63522150,Camellia Dr
63552040,Gardenia Way
63675050,Oakes St
63675060,Oakes St
63675070,Oakes St
63553390,Gaillardia Way
63551450,Azalia Dr
63673270,Baines St
63673200,Baines St
63673280,Baines St
63673290,Baines St
63551080,Camellia Dr
63481170,Circle Dr
63561510,Wisteria Dr
63561410,Abelia Way
63562010,Camellia Dr
63532430,Wisteria Dr
63561380,Abelia Way
63561100,Daphne Ct
63553210,Verbena Dr
63553250,Pulgas Ave
63534320,Wisteria Dr
63563170,Verbena Dr
63534060,Aster Way
63561300,Abelia Way
63533040,Wisteria Dr
63522060,Camellia Dr
63534180,Daphne Way
63533090,Wisteria Dr
63532250,Wisteria Dr
63540180,Daphne Way
63515200,Clarke Ave
63563140,Verbena Dr
63534210,Daphne Way
63533260,Aster Way
63561270,Abelia Way
63534110,Aster Way
63531220,Jasmine Way
63534130,Aster Way
63561180,Daphne Way
63532320,Wisteria Dr
63562110,Abelia Way
63562200,Verbena Dr
63563100,Verbena Dr
63562160,Verbena Dr
63562140,Abelia Way
63531200,Jasmine Way
63533070,Wisteria Dr
63540250,Daphne Way
63561240,Abelia Way
63532210,Jasmine Way
63533210,Aster Way
63532270,Wisteria Dr
63563060,Verbena Dr
63533190,Aster Way
63540060,Daphne Way
63515060,Clarke Ave
63540150,Daphne Way
63501180,Clarke Ave
63534090,Aster Way
63532190,Jasmine Way
63563020,Verbena Dr
63533120,Wisteria Dr
63515380,Woodland Ave
63531180,Jasmine Way
63561290,Abelia Way
63533050,Wisteria Dr
63532290,Wisteria Dr
63533230,Aster Way
63501060,Woodland Ave
63561210,Daphne Way
63563130,Verbena Dr
63562190,Verbena Dr
63561260,Abelia Way
63563090,Verbena Dr
63533100,Wisteria Dr
63561230,Verbena Dr
63540010,Daphne Way
63532240,Daphne Way
63540070,Daphne Way
63532170,Jasmine Way
63534200,Daphne Way
63515280,Woodland Ave
63534170,Daphne Way
63531230,Daphne Way
63563050,Verbena Dr
63540170,Daphne Way
63540020,Daphne Way
63533180,Aster Way
63563010,Verbena Dr
63561190,Daphne Way
63533250,Aster Way
63532310,Wisteria Dr
63562120,Abelia Way
63534120,Aster Way
63534140,Aster Way
63561220,Verbena Dr
63540190,Daphne Way
63563120,Verbena Dr
63562180,Verbena Dr
63515070,Clarke Ave
63533080,Wisteria Dr
63531210,Jasmine Way
63501050,Woodland Ave
63562150,Abelia Way
63532220,Jasmine Way
63532260,Wisteria Dr
63540030,Daphne Way
63540140,Daphne Way
63540080,Daphne Way
63515080,Woodland Ave
63515230,Woodland Ave
63561280,Abelia Way
63563080,Verbena Dr
63533130,Wisteria Dr
63534100,Aster Way
63531190,Jasmine Way
63533060,Wisteria Dr
63532200,Jasmine Way
63540220,Daphne Way
63533220,Aster Way
63563040,Verbena Dr
63533200,Aster Way
63533170,Daphne Way
63561250,Abelia Way
63532280,Wisteria Dr
63534150,Daphne Way
63533160,Daphne Way
63533150,Daphne Way
63540040,Daphne Way
63540130,Daphne Way
63562130,Abelia Way
63532180,Jasmine Way
63533110,Wisteria Dr
63540160,Daphne Way
63540090,Daphne Way
63534190,Daphne Way
63562170,Verbena Dr
63563110,Verbena Dr
63533240,Aster Way
63532300,Wisteria Dr
63561200,Daphne Way
63534160,Daphne Way
63563070,Verbena Dr
63563030,Verbena Dr
63532230,Daphne Way
63533140,Daphne Way
63540050,Daphne Way
63540100,Daphne Way
63540120,Daphne Way
63540110,Daphne Way
63186260,Lincoln St
63341630,Garden St
63341620,Garden St
63374490,Donohoe St
63374480,Donohoe St
63374470,Donohoe St
63371520,Green St
63371450,Green St
63371460,Green St
63371470,Green St
63371510,Green St
63371500,Green St
63371480,Green St
63352400,Myrtle Pl
63352410,Myrtle Pl
63352420,Myrtle Pl
63352430,Myrtle Pl
63352440,Myrtle Pl
63352450,Myrtle Pl
63352460,Myrtle Pl
63352470,Myrtle Pl
63344630,Clarke Ct
63344620,Clarke Ct
63344610,Clarke Ct
63344600,Clarke Ct
63344590,Clarke Ct
63344580,Clarke Ct
63344640,Clarke Ct
63264470,Buchanan Ct
63690010,Avelar St
63690020,Avelar St
63690030,Avelar St
63690040,Avelar St
63690050,Avelar St
63690060,Avelar St
63690070,Avelar St
63690080,Avelar St
63690090,Avelar St
63690100,Avelar St
63690110,Avelar St
63690120,Avelar St
63690130,Avelar St
63690140,Avelar St
63690150,Avelar St
63690160,Avelar St
63690170,Avelar St
63690180,Avelar St
63690240,Runnymede St
63690250,Runnymede St
63690230,Runnymede St
63690220,Runnymede St
63690210,Runnymede St
63690200,Runnymede St
63690190,Runnymede St
63191300,Garden St
63191290,Garden St
63690260,Avelar St
63690270,Avelar St
63690280,Avelar St
63690290,Avelar St
63690300,Avelar St
63690310,Avelar St
63690320,Avelar St
63253610,Vines Ct
63199240,Glen Way
63253650,Runnymede St
63253640,Vines Ct
63253630,Vines Ct
63253620,Vines Ct
63600090,Beech St
63600100,Beech St
63361530,Schembri Ln
63700190,Beech St
63700200,Beech St
63700020,Beech St
63700010,Beech St
63700180,Shorebreeze Ct
63700160,Shorebreeze Ct
63700040,Shorebreeze Ct
63700050,Shorebreeze Ct
63442660,Donohoe St
63700170,Shorebreeze Ct
63700030,Shorebreeze Ct
63700150,Shorebreeze Ct
63700060,Shorebreeze Ct
63700080,Shorebreeze Ct
63700070,Shorebreeze Ct
63700140,Shorebreeze Ct
63700130,Shorebreeze Ct
63700120,Shorebreeze Ct
63700090,Shorebreeze Ct
63700100,Shorebreeze Ct
63700110,Shorebreeze Ct
63146180,Oakwood Dr
63146170,Oakwood Dr
63210610,Runnymede St
63271510,Runnymede St
63271500,Runnymede St
63271530,Runnymede St
63271520,Runnymede St
63363590,Bell St
63363600,Bell St
63264450,Weeks St
63710060,Donohoe St
63710050,Donohoe St
63710070,Donohoe St
63710040,Donohoe St
63710030,Donohoe St
63710010,Donohoe St
63710020,Donohoe St
63563210,Pulgas Ave
63513910,Cooley Ave
63720150,Maple Ln
63720290,Maple Ln
63720300,Maple Ln
63252320,Tuscany Ct
63252330,Tuscany Ct
63145070,Green St
63720110,Maple Ln
63720120,Maple Ln
63720130,Maple Ln
63720140,Maple Ln
63720200,Maple Ln
63720210,Maple Ln
63720220,Maple Ln
63720230,Maple Ln
63720240,Maple Ln
63720260,Maple Ln
63720270,Maple Ln
63720280,Maple Ln
63252340,Tuscany Ct
63252350,Tuscany Ct
63252360,Tuscany Ct
63252370,Tuscany Ct
63252380,Tuscany Ct
63720010,Weeks St
63720020,Weeks St
63720030,Weeks St
63720050,Weeks St
63720040,Weeks St
63720100,Weeks St
63720090,Weeks St
63720080,Weeks St
63720070,Weeks St
63720060,Weeks St
63271570,Weeks St
63271560,Weeks St
63271550,Weeks St
63271540,Weeks St
63362800,Bell St
63162440,Ralmar Ave
63162430,Ralmar Ave
63263420,Buchanan Ct
62241150,Holland St
63193160,Weeks St
63202040,Weeks St
63202030,Weeks St
62221350,Holland St
63730240,Montage Cir
63730250,Montage Cir
63730290,Montage Cir
63730300,Montage Cir
63730320,Cedar Pl
63730330,Cedar Pl
63730340,Cedar Pl
63730350,Cedar Pl
63730360,Cedar Pl
63730370,Cedar Pl
63730420,Maple Pl
63730430,Maple Pl
63730440,Maple Pl
63730450,Maple Pl
63730480,Holly Pl
63730490,Holly Pl
63730500,Holly Pl
63730510,Holly Pl
63730470,Holly Pl
63730460,Maple Pl
63730380,Maple Pl
63730390,Maple Pl
63730400,Maple Pl
63730410,Maple Pl
63730260,Montage Cir
63730270,Montage Cir
63730280,Montage Cir
63730210,Montage Cir
63730080,Aspen Pl
63730070,Aspen Pl
63730030,Aspen Pl
63730120,Aspen Pl
63730170,Montage Cir
63730160,Montage Cir
63730150,Montage Cir
63730310,Montage Cir
63253660,Weeks St
63344690,Clarke Ave
63253700,Clarke Ave
63411200,Gardenia Way
